Circle,Division,SubDivision,Section,Area,CatCode,CatDesc,TotServices,BilledServices,Units,Load,Efficiency,Unbilled
KHAMMAM,KHAMMAM,PEDDA GOPATHI,NAGULAVANCHA,THIMMINENIPALEM,4,COTTAGES,2,2,29,8,1,0
JAGITYAL,JAGITYAL,Jagitial Town,CHELGAL,DHAROOR,4,COTTAGES,9,6,300,29,0.666666667,3
BHADRADRI KOTHAGUDEM,PALONCHA,PALVANCHA,MULKALAPALLY,TIMMAPET,4,COTTAGES,1,0,0,3,0,1
KARIMNAGAR,KARIMNAGAR RURAL,Gangadhara,ARNAKONDA,KATNEPALLY,4,COTTAGES,2,2,11,8,1,0
BHUPALAPALLY,MULUGU,MULUG,MALLAMPALLY,ABBAPOOR,4,COTTAGES,1,1,53,3,1,0
PEDDAPALLY,MANTHANI,RAMAGUNDAM,ANTHERGAON,MURMUR,4,COTTAGES,1,1,58,2,1,0
JAGITYAL,JAGITYAL,MALLIAL,KODIMIAL,RAMSAGAR,4,COTTAGES,5,4,199,18.08,0.8,1
JAGITYAL,METPALLY,MALLAPOOR,MEDIPALLY-IBP,VARSHKONDA,4,COTTAGES,2,2,49,10,1,0
KAMAREDDY,KAMAREDDY,Kamareddy Rural,VELPUGONDA,FAREEDPET,4,COTTAGES,1,1,354,5,1,0
KHAMMAM,KHAMMAM,KOTHALINGALA,KAREPALLY,MADHARAM-KAR,4,COTTAGES,2,1,31,1.3,0.5,1
MANCHERIAL,MANCHERIAL,CHENNUR,CHENNUR,CHENNUR,4,COTTAGES,1,1,34,3.5,1,0
MAHABUBABAD,MAHABUBABAD,KORIVI,KORIVI,NALLELLA,4,COTTAGES,3,3,45,7.69,1,0
JANGAON,JANGAON,JANGAON,JANGAON TOWN-II,NEW COLLECTORATE,4,COTTAGES,2,2,279,15,1,0
KARIMNAGAR,HUZURABAD,HUZURABAD,AMUDALAPALLY,METPALLY,4,COTTAGES,2,1,31,10,0.5,1
KAMAREDDY,KAMAREDDY,DOMAKONDA,RAJAMPET,PONDURTHI,4,COTTAGES,1,1,19,4,1,0
PEDDAPALLY,PEDDAPALLY,KALVA SRIRAMPUR,SRIRAMPUR,MOTLA PALLY,4,COTTAGES,2,2,70,5,1,0
JANGAON,GHANPUR,PALAKURTHY,PALAKURTHY,MALLAMPALLI,4,COTTAGES,1,1,81,3,1,0
MAHABUBABAD,MAHABUBABAD,MAHABUBABAD(T),MAHABUBABAD (RURAL),ANANTHARAM,4,COTTAGES,1,1,19,5,1,0
KARIMNAGAR,HUZURABAD,JAMMIKUNTA,JAMMIKUNTA RURAL,VENKATESHWARLAPALLY,4,COTTAGES,1,1,4,5,1,0
BHUPALAPALLY,MULUGU,MULUG,PASARA,BUSSAPOOR,4,COTTAGES,1,1,7,3,1,0
NIZAMABAD,DICHPALLY,DICHPALLY,SIRIKONDA,PANDIMADUGU,4,COTTAGES,1,1,7,2,1,0
NIZAMABAD,ARMOOR,MORTHAD,YERGATLA,DOMCHANDA,4,COTTAGES,1,1,29,5,1,0
KARIMNAGAR,KARIMNAGAR,Karimnagar Town,KRN TOWN 3,JYOTHI NAGAR,4,COTTAGES,1,1,27,2.18,1,0
JAGITYAL,METPALLY,KORUTLA RURAL,MANNEGUDEM,BHEEMARAM,4,COTTAGES,6,6,290,25,1,0
BHUPALAPALLY,MULUGU,MULUG,LAXMIDEVPET,LAXMIDEVIPET,4,COTTAGES,3,3,305,14,1,0
JAGITYAL,METPALLY,MALLAPOOR,MEDIPALLY-IBP,RAJESHWARAO PET,4,COTTAGES,4,4,81,13,1,0
NIZAMABAD,ARMOOR,MORTHAD,YERGATLA,THORTHI,4,COTTAGES,2,2,217,15.42,1,0
NIRMAL,NIRMAL,NIRMAL RURAL,DILWARPUR,NARSAPUR (G),4,COTTAGES,1,0,0,5,0,1
MANCHERIAL,MANCHERIAL,MANCHERIAL - RURAL,KYATHANPALLY,RAMAKISTAPOOR,4,COTTAGES,7,7,229,12.942,1,0
JAGITYAL,JAGITYAL,Jagitial Town,CHELGAL,CHELGAL,4,COTTAGES,9,9,420,30,1,0
NIZAMABAD,ARMOOR,ARMOOR,ARMOOR-TOWN2,A3 ZONE,4,COTTAGES,1,1,2,5,1,0
NIZAMABAD,DICHPALLY,DICHPALLY,DICHPALLY,DOOSGAON,4,COTTAGES,3,3,110,9,1,0
MAHABUBABAD,MAHABUBABAD,GUDUR,KOTHAGUDA,POGULLAPALLY,4,COTTAGES,3,3,153,15,1,0
KHAMMAM,KHAMMAM,KHAMMAM TOWN 2,KHAMMAM TOWN-4,ZONE (18) KHAMMAM,4,COTTAGES,1,1,71,6,1,0
HANUMAKONDA,HANAMKONDA/RURAL,HANAMKONDA(R),INAVOL,INOLE,4,COTTAGES,3,2,110,11,0.666666667,1
KARIMNAGAR,KARIMNAGAR RURAL,Gangadhara,ARNAKONDA,RAGAMPET,4,COTTAGES,2,1,86,6,0.5,1
KHAMMAM,WYRA,WYRA,WYRA (RURAL),GOLLAPUDI,4,COTTAGES,1,1,25,4.3,1,0
ADILABAD,ADILABAD,ADILABAD TOWN,ADILABAD - RURAL,JAMDHAPUR,4,COTTAGES,1,0,0,3,0,1
KAMAREDDY,KAMAREDDY,Kamareddy Rural,MACHAREDDY,LACHAPET,4,COTTAGES,2,2,185,13,1,0
KARIMNAGAR,KARIMNAGAR,Karimnagar Rural,KNR EAST,TEEGALGUTTAPALLY,4,COTTAGES,1,1,67,6,1,0
BHADRADRI KOTHAGUDEM,KOTHAGUDEM,KOTHAGUDEM RURAL,JULLURUPADU,VENGANNA PALEM-JP,4,COTTAGES,1,0,0,3,0,1
PEDDAPALLY,PEDDAPALLY,DHARMARAM,KHILAVANAPARTHY,MYADARAM      ,4,COTTAGES,5,4,1277,29,0.8,1
BHADRADRI KOTHAGUDEM,BHADRACHALAM,MANUGURU,PINAPAKA,BAYYARAM,4,COTTAGES,9,7,419,21.88,0.777777778,2
WARANGAL,NARSAMPET,NARSAMPET(R),NARSAMPET (RURAL),RAJAPALLY,4,COTTAGES,2,2,139,5,1,0
BHADRADRI KOTHAGUDEM,PALONCHA,PALVANCHA,PALVONCHA TOWN,PALONCHA,4,COTTAGES,22,19,2475,50.93,0.863636364,3
BHADRADRI KOTHAGUDEM,PALONCHA,ASWARAOPETA,DAMMAPETA,PATWARIGUDEM,4,COTTAGES,10,10,333,28,1,0
JAGITYAL,JAGITYAL,GOLLAPALLY,GOLLAPALLY,GANGAPUR,4,COTTAGES,1,1,2,3,1,0
KARIMNAGAR,KARIMNAGAR RURAL,Gangadhara,ACHAMPALLY,UPPERMALLIAL,4,COTTAGES,41,31,2959,154.8,0.756097561,10
JAGITYAL,JAGITYAL,DHARMAPURI,RAJARAMPALLY,KOTHAPET      ,4,COTTAGES,13,10,775,51,0.769230769,3
PEDDAPALLY,MANTHANI,RAMAGUNDAM,BASANTHNAGAR,KANNALA - (REC),4,COTTAGES,3,2,169,6,0.666666667,1
JAGITYAL,JAGITYAL,DHARMAPURI,RAJARAMPALLY,KONDAPOOR     ,4,COTTAGES,3,1,10,11,0.333333333,2
KHAMMAM,KHAMMAM,KHAMMAM TOWN 2,KHAMMAM URBAN,TEKULAPALLI,4,COTTAGES,5,5,77,17.24,1,0
KARIMNAGAR,KARIMNAGAR RURAL,Gangadhara,GUNDI,KISTAPOOR,4,COTTAGES,1,0,0,0.746,0,1
BHADRADRI KOTHAGUDEM,PALONCHA,PALVANCHA,PALVONCHA TOWN,PETACHERUVU,4,COTTAGES,1,1,84,8,1,0
KAMAREDDY,BANSWADA,BANSWADA,BIRKUR,BIRKUR,4,COTTAGES,7,6,741,26.5,0.857142857,1
KHAMMAM,SATHUPALLY,THALLADA,KURNAVALLY,MUDDUNURU,4,COTTAGES,4,4,59,8.492,1,0
JAGITYAL,METPALLY,METPALLY,METPALLY RURAL,RANGARAOPET,4,COTTAGES,1,1,0,3,1,0
KHAMMAM,KHAMMAM,KOTHALINGALA,KAREPALLY,GIDDAVARI GUDEM-KAR,4,COTTAGES,1,1,387,5,1,0
PEDDAPALLY,MANTHANI,Manthani,BEGAMPET,LADNA POOR,4,COTTAGES,4,4,259,12,1,0
PEDDAPALLY,PEDDAPALLY,SULTHANABAD,SULTHANABAD,SULTANABAD    ,4,COTTAGES,11,9,757,47,0.818181818,2
JANGAON,JANGAON,RAGHUNATHPALLY,RAGHUNATHPALLY,NEDIGONDA,4,COTTAGES,2,1,62,14,0.5,1
NIZAMABAD,NIZAMABAD,NIZAMABAD TOWN 3,DISTRIBUTION-IV,M7,4,COTTAGES,6,6,1225,31.59,1,0
PEDDAPALLY,PEDDAPALLY,SULTHANABAD,KANKULA,GATTEPALLY    ,4,COTTAGES,1,1,8,3,1,0
PEDDAPALLY,MANTHANI,Manthani,KAMANPUR,KAMANPUR,4,COTTAGES,2,2,117,4,1,0
WARANGAL,NARSAMPET,NARSAMPET(R),KHANAPUR,RAGAMPET,4,COTTAGES,3,3,86,7.5,1,0
PEDDAPALLY,MANTHANI,Manthani,EKLASHAPUR,GOPALPOOR,4,COTTAGES,5,5,240,17,1,0
BHUPALAPALLY,BHUPALAPALLY,CHITYAL,CHITYAL,ANDUKUTHANDA,4,COTTAGES,1,1,1,2,1,0
JAGITYAL,METPALLY,KORUTLA RURAL,MANNEGUDEM,MANNEGUDEM,4,COTTAGES,2,2,58,7,1,0
KARIMNAGAR,HUZURABAD,HUZURABAD,TADIKAL,YERADAPALLY,4,COTTAGES,1,1,0,3,1,0
NIZAMABAD,BODHAN,YEDPALLY,YEDPALLY,BRAHMANAPALLY,4,COTTAGES,1,1,84,5,1,0
HANUMAKONDA,HANAMKONDA/RURAL,KAMALAPUR,ELKATHURTHY,GUNTOORPALLY KOTHU,4,COTTAGES,1,1,270,2,1,0
BHADRADRI KOTHAGUDEM,PALONCHA,PALVANCHA,PALVONCHA RURAL,PULLAIGUDEM,4,COTTAGES,3,3,355,18,1,0
BHUPALAPALLY,BHUPALAPALLY,KATARAM,KOYYUR,KONDAMPET,4,COTTAGES,1,1,1,2,1,0
HANUMAKONDA,HANAMKONDA/RURAL,HANAMKONDA(R),DHARMASAGAR,DHARMAPUR,4,COTTAGES,1,1,0,6,1,0
PEDDAPALLY,MANTHANI,RAMAGUNDAM,ANTHERGAON,MADDRIALA,4,COTTAGES,1,1,24,2,1,0
BHADRADRI KOTHAGUDEM,KOTHAGUDEM,KOTHAGUDEM RURAL,CHANDRUGONDA,AYYANNA PALEM-CG,4,COTTAGES,1,1,45,3.67,1,0
WARANGAL,NARSAMPET,NARSAMPET(R),NARSAMPET (RURAL),MAHESWARAM,4,COTTAGES,2,2,66,9,1,0
JAGITYAL,JAGITYAL,GOLLAPALLY,PEGADAPALLY,PEGADAPALLY,4,COTTAGES,11,6,379,36.43,0.545454545,5
JAGITYAL,METPALLY,KORUTLA RURAL,MEDIPALLY,THUMBARRAOPET,4,COTTAGES,2,2,246,9,1,0
MAHABUBABAD,THORRUR,THORRUR,CHINNAVANGARA,MATED,4,COTTAGES,2,2,67,3.44,1,0
JANGAON,GHANPUR,PALAKURTHY,PALAKURTHY RURAL,GUDUR,4,COTTAGES,4,2,96,6.34,0.5,2
HANUMAKONDA,HANAMKONDA/RURAL,KAMALAPUR,ELKATHURTHY,GUNTOORPALLY,4,COTTAGES,1,0,0,3,0,1
KHAMMAM,KHAMMAM,KHAMMAM TOWN 2,KHAMMAM URBAN,DHAMSALAPURAM,4,COTTAGES,1,0,0,1.5,0,1
BHUPALAPALLY,MULUGU,MULUG,MULUGU,PATHIPALLY,4,COTTAGES,1,1,23,1.66,1,0
KHAMMAM,KHAMMAM RURAL,KUSUMANCHI,PALERU,NAIKANGUDEM,4,COTTAGES,8,6,214,31,0.75,2
NIZAMABAD,BODHAN,BODHAN,BODHAN TOWN-I,ACHANPALLY,4,COTTAGES,5,3,907,17,0.6,2
MAHABUBABAD,THORRUR,THORRUR,CHINNAVANGARA,MADIPELLY,4,COTTAGES,3,3,65,7,1,0
KARIMNAGAR,HUZURABAD,JAMMIKUNTA,THANUGULA,NAGARAM (VAVILALA),4,COTTAGES,1,1,48,2,1,0
NIZAMABAD,ARMOOR,BHEEMGAL,VELPUR,LAKKORA,4,COTTAGES,3,3,265,9.5,1,0
HANUMAKONDA,HANAMKONDA/RURAL,KAMALAPUR,UPPAL,VANGAPALLY,4,COTTAGES,2,2,121,7,1,0
JAGITYAL,METPALLY,KORUTLA RURAL,KATHALAPOOR,SIRIKONDA,4,COTTAGES,11,9,269,22.5,0.818181818,2
NIZAMABAD,ARMOOR,BHEEMGAL,VELPUR,JANKAMPET,4,COTTAGES,3,3,255,17,1,0
BHADRADRI KOTHAGUDEM,KOTHAGUDEM,KOTHAGUDEM RURAL,CHANDRUGONDA,RAVIKAM PADU-CG,4,COTTAGES,4,4,84,8,1,0
NIZAMABAD,ARMOOR,BHEEMGAL,BHEEMGAL-RURAL,LINGAPOOR,4,COTTAGES,1,1,4,3,1,0
KAMAREDDY,KAMAREDDY,Kamareddy Rural,S S NAGAR,WAJJEPALLI KHURD,4,COTTAGES,1,0,0,0.886,0,1
PEDDAPALLY,PEDDAPALLY,DHARMARAM,KHILAVANAPARTHY,KANAMPALLY  (REC)             ,4,COTTAGES,1,1,0,5,1,0
KHAMMAM,SATHUPALLY,PENUBALLY,PENUBALLY,EDLA BANZARA,4,COTTAGES,1,1,58,0.24,1,0
KAMAREDDY,BANSWADA,BANSWADA,BANSWADA RURAL,KONAPUR,4,COTTAGES,1,1,4,3,1,0
BHUPALAPALLY,MULUGU,ETURNAGARAM,ETURUNAGARAM,AKULAVARIGHANPUR,4,COTTAGES,1,1,40,4,1,0
NIZAMABAD,NIZAMABAD,NIZAMABAD - TOWN,DISTRIBUTION-VI,L4,4,COTTAGES,1,1,0,3,1,0
MAHABUBABAD,MAHABUBABAD,KORIVI,KOTHAPETA,LINGA GIRI-BAY,4,COTTAGES,1,1,20,1,1,0
BHADRADRI KOTHAGUDEM,KOTHAGUDEM,KOTHAGUDEM,KOTHAGUDEM - NORTH,SNR KOTHAGUDEM,4,COTTAGES,1,1,15,6,1,0
NIZAMABAD,NIZAMABAD,NIZAMABAD - TOWN,DISTIBUTION-I,L3,4,COTTAGES,4,4,153,8.52,1,0
PEDDAPALLY,MANTHANI,Manthani,KAMANPUR,LINGALA - (REC),4,COTTAGES,1,1,101,2,1,0
KARIMNAGAR,KARIMNAGAR RURAL,NUSTHULAPUR,NUTSULAPOOR,R.K.COLONY,4,COTTAGES,1,1,0,3,1,0
NIZAMABAD,DICHPALLY,DICHPALLY,SIRIKONDA,POTHNOOR,4,COTTAGES,1,1,35,3,1,0
KARIMNAGAR,KARIMNAGAR RURAL,Gangadhara,ARNAKONDA,DESHAIPET,4,COTTAGES,5,3,92,12,0.6,2
KAMAREDDY,BANSWADA,PITLAM,PEDDA KONDAPGAL,SHIVAPOOR,4,COTTAGES,1,1,140,3,1,0
JAGITYAL,JAGITYAL,DHARMAPURI,RAJARAMPALLY,PATHAGUDUR    ,4,COTTAGES,1,1,65,2,1,0
JANGAON,GHANPUR,GHANPUR,RAJAVARAM,CHINNAPENDIAL,4,COTTAGES,4,2,34,9.03,0.5,2
NIZAMABAD,ARMOOR,MORTHAD,KAMMARPALLY,HOSAKOTHUR,4,COTTAGES,5,3,108,19,0.6,2
KHAMMAM,WYRA,WYRA,WYRA (RURAL),KONDAKODIMA,4,COTTAGES,2,2,22,5,1,0
PEDDAPALLY,MANTHANI,GODAVARIKHANI,GODAWVARIKHANI EAST,LAXMI NAGAR,4,COTTAGES,7,7,1389,15.24,1,0
NIZAMABAD,DICHPALLY,NIZAMABAD - RURAL,SARANGAPOOR,GUNDARAM,4,COTTAGES,3,0,0,7.1,0,3
NIZAMABAD,BODHAN,BODHAN,BODHAN TOWN-I,GOSHALA AND MARKET ROAD,4,COTTAGES,4,4,582,23,1,0
BHADRADRI KOTHAGUDEM,PALONCHA,PALVANCHA,PALVONCHA RURAL,SURARAM,4,COTTAGES,1,1,16,2,1,0
JAGITYAL,METPALLY,MALLAPOOR,MEDIPALLY-IBP,KOMATI KONDAPOOR,4,COTTAGES,2,2,57,6,1,0
KARIMNAGAR,HUZURABAD,JAMMIKUNTA,CHALLUR,MALLAREDY-PALLY,4,COTTAGES,4,3,121,12,0.75,1
JAGITYAL,METPALLY,METPALLY,METPALLY RURAL,VITTAMPET,4,COTTAGES,1,1,3,4,1,0
NIZAMABAD,ARMOOR,PERKIT,BALAKONDA,JALALPUR,4,COTTAGES,4,4,724,14.93,1,0
KAMAREDDY,KAMAREDDY,Kamareddy Rural,MACHAREDDY,MACHAREDDY,4,COTTAGES,2,2,0,7,1,0
JAGITYAL,JAGITYAL,Jagitial Town,CHELGAL,CHERLAPALLY,4,COTTAGES,1,1,250,5,1,0
BHUPALAPALLY,BHUPALAPALLY,BHOOPALPALLY,GHANPUR (MULUG),KARKAPALLY,4,COTTAGES,2,2,4,6,1,0
BHUPALAPALLY,MULUGU,MULUG,MULUGU,JANGALAPALLI,4,COTTAGES,1,1,445,15,1,0
PEDDAPALLY,PEDDAPALLY,SULTHANABAD,KATENPALLY,KATNAPALLY    ,4,COTTAGES,2,2,87,6,1,0
JAGITYAL,JAGITYAL,MALLIAL,KODIMIAL,CHINTALAPALLY,4,COTTAGES,1,0,0,3,0,1
HANUMAKONDA,HANAMKONDA/RURAL,BD Pally,BHEEMDEVARAPALLY,BHEEMDEVARAPALLY,4,COTTAGES,1,1,8,1.7,1,0
JANGAON,JANGAON,DEVARUPPALA,LINGALA GHANPUR,LINGALA GHANPUR (H),4,COTTAGES,2,2,857,14.59,1,0
WARANGAL,RURAL WARANGAL,WARDHANNAPET,MYLARAM,MYLARAM,4,COTTAGES,2,2,185,6,1,0
JANGAON,JANGAON,JANGAON,JANGAON (T),NEHRUPARK,4,COTTAGES,4,4,184,19.045,1,0
WARANGAL,RURAL WARANGAL,KAPULAKANAPARTHY,SANGEM,CHINTALPALLI,4,COTTAGES,1,0,0,0.2,0,1
KARIMNAGAR,KARIMNAGAR RURAL,Gangadhara,GANGADHARA,GANGADHARA,4,COTTAGES,9,5,904,33.26,0.555555556,4
WARANGAL,RURAL WARANGAL,KAPULAKANAPARTHY,KAPULAKANAPARTHY,GAVICHERLA,4,COTTAGES,2,1,161,8,0.5,1
BHADRADRI KOTHAGUDEM,BHADRACHALAM,BHADRACHALAM,BURGUMPADU,NAKRIPETA,4,COTTAGES,1,1,35,2.28,1,0
BHUPALAPALLY,BHUPALAPALLY,KATARAM,MAHADEVPUR,ANNARAM,4,COTTAGES,1,1,0,2,1,0
JAGITYAL,JAGITYAL,DHARMAPURI,DHARMAPURI,DHARMAPURI,4,COTTAGES,7,6,313,31,0.857142857,1
NIZAMABAD,NIZAMABAD,NIZAMABAD TOWN 2,DISTRIBUTION-II,M4,4,COTTAGES,4,4,115,3.44,1,0
KARIMNAGAR,KARIMNAGAR RURAL,Gangadhara,ACHAMPALLY,GATTUBOOTHKUR,4,COTTAGES,58,48,5510,223.06,0.827586207,10
MAHABUBABAD,MAHABUBABAD,MAHABUBABAD(T),MAHABUBABAD (RURAL),KAMBALAPALLI,4,COTTAGES,3,3,126,12,1,0
JAGITYAL,METPALLY,KORUTLA RURAL,MANNEGUDEM,GOVINDARM,4,COTTAGES,3,3,409,12,1,0
KHAMMAM,SATHUPALLY,PENUBALLY,KALLURU,KALLURU,4,COTTAGES,24,21,1001,47.78,0.875,3
WARANGAL,RURAL WARANGAL,KAPULAKANAPARTHY,SANGEM,MONDRAI,4,COTTAGES,2,2,68,6,1,0
KARIMNAGAR,HUZURABAD,JAMMIKUNTA,VEENAVANKA,KOTHAPALLY,4,COTTAGES,2,2,90,6,1,0
PEDDAPALLY,MANTHANI,Manthani,BEGAMPET,MUSTIAL,4,COTTAGES,1,1,0,2,1,0
KHAMMAM,KHAMMAM RURAL,KUSUMANCHI,NELAKONDAPALLY,RAVIGUDEM,4,COTTAGES,1,1,6,3,1,0
JAGITYAL,JAGITYAL,DHARMAPURI,RAJARAMPALLY,ENDAPALLY     ,4,COTTAGES,8,5,653,44,0.625,3
KAMAREDDY,KAMAREDDY,Kamareddy Town,KAMAREDDY(R),GARGUL,4,COTTAGES,2,1,127,6,0.5,1
KAMAREDDY,YELLAREDDY,YELLAREDDY,YELLAREDDY,MATHMAL,4,COTTAGES,1,1,21,2,1,0
JAGITYAL,JAGITYAL,Jagitial Rural,RAIKAL,RAJNAGAR,4,COTTAGES,1,1,16,3,1,0
NIZAMABAD,NIZAMABAD,NAVIPET,NAVIPET,NAGAPOOR,4,COTTAGES,2,2,13,7,1,0
KHAMMAM,KHAMMAM,PEDDA GOPATHI,NAGULAVANCHA,THIRUMALAPURAM,4,COTTAGES,1,1,11,3,1,0
KARIMNAGAR,KARIMNAGAR,Karimnagar Rural,KOTHAPALLY,KOTHAPALLY,4,COTTAGES,163,129,23994,652.83,0.791411043,34
KARIMNAGAR,KARIMNAGAR RURAL,Gangadhara,GUNDI,VEDIRA,4,COTTAGES,37,34,5248,140,0.918918919,3
WARANGAL,WARANGAL,WARANGAL,FORT WARANGAL,SHIVNAGAR-III,4,COTTAGES,1,1,24,5,1,0
HANUMAKONDA,HANAMKONDA/RURAL,KAMALAPUR,KAMALAPUR,MADANAPET,4,COTTAGES,1,1,100,3,1,0
HANUMAKONDA,HANAMKONDA/RURAL,KAMALAPUR,UPPAL,MARRIPALLIGUDEM,4,COTTAGES,1,0,0,1,0,1
KAMAREDDY,KAMAREDDY,DOMAKONDA,RAJAMPET,GUNDARAM,4,COTTAGES,1,1,0,5,1,0
PEDDAPALLY,MANTHANI,GODAVARIKHANI,GODAWVARIKHANI EAST,JANGAON TOWN,4,COTTAGES,6,6,544,20.45,1,0
PEDDAPALLY,PEDDAPALLY,KALVA SRIRAMPUR,SRIRAMPUR,PEGADAPALLY   ,4,COTTAGES,6,6,273,19,1,0
PEDDAPALLY,MANTHANI,Manthani,BEGAMPET,KALVACHERLA,4,COTTAGES,4,4,325,13.67,1,0
HANUMAKONDA,HANAMKONDA/RURAL,HASANPARTHY,CHINTHAGATTU (TOWN),SUBBAIAPALLY,4,COTTAGES,2,1,39,10,0.5,1
BHADRADRI KOTHAGUDEM,KOTHAGUDEM,KOTHAGUDEM RURAL,ANNAPUREDDYPALLY,TELAZERLA,4,COTTAGES,1,1,22,2,1,0
KARIMNAGAR,KARIMNAGAR RURAL,Gangadhara,CHOPPADANDI,RUKMAPOOR,4,COTTAGES,5,4,73,15,0.8,1
KARIMNAGAR,KARIMNAGAR,Karimnagar Town,KRN TOWN 1,GANDHI ROAD,4,COTTAGES,4,4,873,29,1,0
NIZAMABAD,DICHPALLY,NIZAMABAD - RURAL,NIZAMABAD(RURAL),KONDUR,4,COTTAGES,1,0,0,1,0,1
KAMAREDDY,BANSWADA,PITLAM,NIZAMSAGAR,SULTANA NAGAR,4,COTTAGES,3,3,66,7,1,0
PEDDAPALLY,MANTHANI,Manthani,BEGAMPET,RAJAPUR,4,COTTAGES,1,1,217,5,1,0
MAHABUBABAD,THORRUR,MARIPEDA,MARIPEDA,ERJERLA,4,COTTAGES,2,2,20,8,1,0
KAMAREDDY,BANSWADA,BICHKUNDA,MENOOR,ROSHEGAON,4,COTTAGES,1,1,0,1.41,1,0
WARANGAL,RURAL WARANGAL,KAPULAKANAPARTHY,MACHAPOOR,GEESGONDA  (H),4,COTTAGES,1,1,25,5,1,0
PEDDAPALLY,PEDDAPALLY,PEDDAPALLY,RAGHAVAPUR,GURRAMPALLY,4,COTTAGES,1,1,24,2,1,0
KHAMMAM,KHAMMAM,RAGUNADAPALEM,BALLEPALLY,KAIKONDAIGUDEM,4,COTTAGES,2,1,50,6.307,0.5,1
KARIMNAGAR,KARIMNAGAR,Karimnagar Town,KRN TOWN 5,C CIRCLE,4,COTTAGES,4,4,392,2.32,1,0
HANUMAKONDA,HANAMKONDA/RURAL,BD Pally,BHEEMDEVARAPALLY,KOTHAPALLY,4,COTTAGES,1,1,41,1,1,0
KAMAREDDY,KAMAREDDY,DOMAKONDA,DOMAKONDA,MUTHYAMPET,4,COTTAGES,3,2,2,15,0.666666667,1
JANGAON,JANGAON,DEVARUPPALA,LINGALA GHANPUR,CHEETUR,4,COTTAGES,4,4,236,21,1,0
WARANGAL,WARANGAL,SHAMBUNIPET,SHAMBUNIPET,FORT ROAD,4,COTTAGES,1,1,67,10,1,0
WARANGAL,NARSAMPET,NARSAMPET(TOWN,GIRNIBAVI,NACHINAPALLY,4,COTTAGES,2,2,152,7,1,0
KARIMNAGAR,KARIMNAGAR RURAL,Gangadhara,ARNAKONDA,REVELLI,4,COTTAGES,1,1,12,2,1,0
BHADRADRI KOTHAGUDEM,KOTHAGUDEM,KOTHAGUDEM,KOTHAGUDEM - SOUTH,KTDM BAZAR SOUTH-BS,4,COTTAGES,4,0,0,11.01,0,4
JAGITYAL,JAGITYAL,Jagitial Rural,RAIKAL,KUMMARIPALLY,4,COTTAGES,6,6,335,20,1,0
NIZAMABAD,ARMOOR,BHEEMGAL,BHEEMGAL-RURAL,MENDORA,4,COTTAGES,13,12,910,35.042,0.923076923,1
JAGITYAL,JAGITYAL,Jagitial Town,POLASA,ANANTHARAM,4,COTTAGES,2,1,26,6,0.5,1
JAGITYAL,METPALLY,METPALLY,METPALLY TOWN,METPALLY TOWN 1,4,COTTAGES,13,10,1720,54,0.769230769,3
BHADRADRI KOTHAGUDEM,KOTHAGUDEM,KOTHAGUDEM RURAL,ANNAPUREDDYPALLY,ANNAPAREDDY PALLI,4,COTTAGES,1,1,105,2.68,1,0
PEDDAPALLY,PEDDAPALLY,PEDDAPALLY,BOMPALLY,T. MADDIKUNTA,4,COTTAGES,6,6,438,22,1,0
PEDDAPALLY,MANTHANI,Manthani,MUTHARAM,ODEDU,4,COTTAGES,3,3,152,11,1,0
PEDDAPALLY,PEDDAPALLY,DHARMARAM,KHILAVANAPARTHY,SAYAMPET   (REC)              ,4,COTTAGES,1,0,0,0.1,0,1
JAGITYAL,METPALLY,KORUTLA RURAL,MANNEGUDEM,KAMMARIPET,4,COTTAGES,2,1,44,6,0.5,1
KAMAREDDY,KAMAREDDY,DOMAKONDA,BIBIPET,MOHAMMADAPOOR,4,COTTAGES,2,2,39,10,1,0
NIZAMABAD,ARMOOR,PERKIT,BALAKONDA,VANNEL B,4,COTTAGES,2,2,460,9,1,0
JANGAON,JANGAON,JANGAON,PADAMATI KESHAVAPUR,MANSANPALLI,4,COTTAGES,1,0,0,5,0,1
MAHABUBABAD,MAHABUBABAD,KESAMUDRAM,KESAMUDRAM,RANGAPUR,4,COTTAGES,2,2,268,8,1,0
KARIMNAGAR,HUZURABAD,HUZURABAD,AMUDALAPALLY,CHINTALAPALLY,4,COTTAGES,2,1,4,5.6,0.5,1
KHAMMAM,KHAMMAM RURAL,KUSUMANCHI,BACHODU,KAKARVAI,4,COTTAGES,6,6,1077,24,1,0
BHADRADRI KOTHAGUDEM,KOTHAGUDEM,KOTHAGUDEM RURAL,ANNAPUREDDYPALLY,P R GUDEM,4,COTTAGES,2,2,24,4.8,1,0
WARANGAL,WARANGAL,MULUGU ROAD,AREPALLY,REDDYPALEM,4,COTTAGES,7,6,1092,25.46,0.857142857,1
KHAMMAM,KHAMMAM RURAL,YEDULAPURAM,YEDULAPURAM,GURRALAPADU,4,COTTAGES,1,1,185,5,1,0
JAGITYAL,JAGITYAL,GOLLAPALLY,CHILAVAKODOOR,BONKOOR,4,COTTAGES,1,1,105,5,1,0
KARIMNAGAR,KARIMNAGAR RURAL,ALUGUNOOR,CHENJARLA,GATTEPALLY,4,COTTAGES,2,2,303,7,1,0
PEDDAPALLY,PEDDAPALLY,PEDDAPALLY,PEDDAPALLY,RANGAMPALLY,4,COTTAGES,3,2,351,14,0.666666667,1
BHUPALAPALLY,BHUPALAPALLY,KATARAM,KOYYUR,RUDRARAM,4,COTTAGES,11,11,306,24,1,0
BHUPALAPALLY,MULUGU,MULUG,LAXMIDEVPET,RAJESWARARAOPALLY,4,COTTAGES,1,1,30,3,1,0
KARIMNAGAR,KARIMNAGAR RURAL,ALUGUNOOR,MANAKONDUR,MUNJAMPALLY,4,COTTAGES,6,1,0,16,0.166666667,5
BHUPALAPALLY,MULUGU,MULUG,MALLAMPALLY,MD GOUSEPALLI,4,COTTAGES,2,2,55,4,1,0
JAGITYAL,METPALLY,KORUTLA,KORUTLA RURAL,CHINNAMETPALLY,4,COTTAGES,1,1,42,3,1,0
HANUMAKONDA,HANAMKONDA/RURAL,HANAMKONDA(R),DHARMASAGAR,THATIKAYALA,4,COTTAGES,1,1,22,7.46,1,0
KARIMNAGAR,KARIMNAGAR RURAL,NUSTHULAPUR,INDURTHI,ULLAMPALLY,4,COTTAGES,1,1,4,5,1,0
BHUPALAPALLY,BHUPALAPALLY,BHOOPALPALLY,BHOOPALPALLY,PULLURI RAMAIAHPALLY,4,COTTAGES,1,1,58,6,1,0
NIZAMABAD,NIZAMABAD,NANDIPET,NOOTHPALLY,TONDKOOR,4,COTTAGES,1,0,0,0.58,0,1
JAGITYAL,JAGITYAL,Jagitial Rural,SARANGAPUR,POTHARAM II,4,COTTAGES,10,8,2012,47.33,0.8,2
KHAMMAM,KHAMMAM RURAL,YEDULAPURAM,PALLEGUDEM,REDDYPALLI,4,COTTAGES,1,1,42,0.55,1,0
MANCHERIAL,MANCHERIAL,MANCHERIAL - RURAL,KYATHANPALLY,KYATHANPALLI,4,COTTAGES,1,1,151,1.75,1,0
HANUMAKONDA,HANAMKONDA/RURAL,KAMALAPUR,UPPAL,UPPALA PALLY,4,COTTAGES,1,0,0,1,0,1
NIZAMABAD,NIZAMABAD,NANDIPET,GOTTIMUKLA,KALLADI,4,COTTAGES,1,1,27,5,1,0
JANGAON,JANGAON,JANGAON,PEMBARTHY,SIDDANKI,4,COTTAGES,1,1,55,3,1,0
NIZAMABAD,BODHAN,RUDRUR,VARNI,SRINAGAR,4,COTTAGES,1,1,55,8,1,0
WARANGAL,WARANGAL,MULUGU ROAD,MATWADA,MATWADA,4,COTTAGES,2,0,0,11.67,0,2
JAGITYAL,JAGITYAL,Jagitial Rural,RAIKAL,Sriramnagar,4,COTTAGES,1,1,425,4,1,0
KAMAREDDY,KAMAREDDY,DOMAKONDA,BIBIPET,BIBIPET,4,COTTAGES,4,4,223,22,1,0
BHADRADRI KOTHAGUDEM,BHADRACHALAM,MANUGURU,MANUGURU,PAGIDERU,4,COTTAGES,1,1,54,2,1,0
JANGAON,JANGAON,RAGHUNATHPALLY,NARMETTA,VELDENDA,4,COTTAGES,9,0,0,31,0,9
PEDDAPALLY,PEDDAPALLY,DHARMARAM,KHILAVANAPARTHY,BOTLA VANAPARTHY  (REC)       ,4,COTTAGES,5,5,765,19,1,0
JAGITYAL,METPALLY,KORUTLA RURAL,AMBARIPET,THURTHI,4,COTTAGES,1,1,65,7,1,0
PEDDAPALLY,MANTHANI,Manthani,MANTHANI TOWN,MANTHANI,4,COTTAGES,12,8,801,45,0.666666667,4
KAMAREDDY,KAMAREDDY,DOMAKONDA,DOMAKONDA,SANGENATHPALLY,4,COTTAGES,1,1,0,5,1,0
NIZAMABAD,BODHAN,RUDRUR,CHANDOOR,LAXMAPUR,4,COTTAGES,3,3,38,13,1,0
WARANGAL,NARSAMPET,NARSAMPET(TOWN,NALLABELLY,NANDEGAMA,4,COTTAGES,2,2,23,7,1,0
JAGITYAL,JAGITYAL,GOLLAPALLY,PEGADAPALLY,NANDAGIRI,4,COTTAGES,1,1,283,5,1,0
PEDDAPALLY,MANTHANI,Manthani,EKLASHAPUR,GADDALAPALLY,4,COTTAGES,5,4,184,13,0.8,1
JAGITYAL,JAGITYAL,GOLLAPALLY,CHILAVAKODOOR,CHILVAKODOOR,4,COTTAGES,3,3,37,15,1,0
HANUMAKONDA,HANAMKONDA/RURAL,PARKAL,PARKAL-TOWN,KOWKONDA,4,COTTAGES,1,1,9,2.66,1,0
KARIMNAGAR,KARIMNAGAR,Karimnagar Rural,MUQUDUMPUR,MOQDUMPUR,4,COTTAGES,2,1,18,16.67,0.5,1
HANUMAKONDA,HANAMKONDA/RURAL,HANAMKONDA(R),INAVOL,KONDAPARTHI,4,COTTAGES,6,6,328,38.715,1,0
HANUMAKONDA,HANAMKONDA/RURAL,PARKAL,ATMAKUR,NIRKULLA,4,COTTAGES,2,2,35,3.24,1,0
BHADRADRI KOTHAGUDEM,PALONCHA,ASWARAOPETA,DAMMAPETA,ANKAMPALEM,4,COTTAGES,1,1,39,2.24,1,0
JAGITYAL,METPALLY,METPALLY,METPALLY RURAL,VEMPET,4,COTTAGES,2,2,316,9,1,0
JAGITYAL,JAGITYAL,GOLLAPALLY,PEGADAPALLY,NAMAPOOR,4,COTTAGES,7,3,619,21.67,0.428571429,4
WARANGAL,RURAL WARANGAL,KAPULAKANAPARTHY,MACHAPOOR,AREPALLE,4,COTTAGES,1,1,228,9,1,0
NIZAMABAD,NIZAMABAD,NIZAMABAD - TOWN,DISTRIBUTION-VI,L5,4,COTTAGES,1,1,192,1,1,0
JANGAON,JANGAON,RAGHUNATHPALLY,RAGHUNATHPALLY,GABBETA,4,COTTAGES,2,1,349,12,0.5,1
JAGITYAL,JAGITYAL,Jagitial Rural,VADDELINGAPUR,KOTHAPET,4,COTTAGES,8,8,180,23.08,1,0
KARIMNAGAR,KARIMNAGAR,Karimnagar Rural,BOMMAKAL,CHEGURTHI,4,COTTAGES,1,1,8,2,1,0
HANUMAKONDA,HANAMKONDA/RURAL,PARKAL,SHAYAMPET,VASANTHAPUR,4,COTTAGES,1,1,6,4,1,0
NIZAMABAD,NIZAMABAD,NANDIPET,NOOTHPALLY,NOOTHPALLY,4,COTTAGES,5,5,83,10,1,0
KHAMMAM,KHAMMAM,PEDDA GOPATHI,NAGULAVANCHA,PATHARLAPADU-B,4,COTTAGES,5,4,107,5.52,0.8,1
BHADRADRI KOTHAGUDEM,KOTHAGUDEM,LAXMIDEVIPALLY,TEKULAPALLY,TEKULA PALLY,4,COTTAGES,9,8,570,32.67,0.888888889,1
BHUPALAPALLY,BHUPALAPALLY,CHITYAL,MOGULLAPALLY,MOGULLAPALLI,4,COTTAGES,2,1,0,7,0.5,1
WARANGAL,NARSAMPET,NARSAMPET(TOWN,DUGGONDI,GOPALAPURAM,4,COTTAGES,1,0,0,3,0,1
WARANGAL,RURAL WARANGAL,WARDHANNAPET,RAYAPARTHI,GANNARAM,4,COTTAGES,1,0,0,3,0,1
KARIMNAGAR,KARIMNAGAR RURAL,NUSTHULAPUR,CHIGURUMAMIDI,RAMANCHA,4,COTTAGES,2,2,199,15,1,0
PEDDAPALLY,PEDDAPALLY,SULTHANABAD,KATENPALLY,ITHRAJPALLY   ,4,COTTAGES,1,1,36,5,1,0
WARANGAL,NARSAMPET,NARSAMPET(TOWN,GIRNIBAVI,GIRNIBAI,4,COTTAGES,1,1,52,9,1,0
KAMAREDDY,YELLAREDDY,LINGAMPET,SS REDDY,BANAPOOR,4,COTTAGES,3,2,6,11,0.666666667,1
NIZAMABAD,BODHAN,RUDRUR,KOTAGIRI,ETHONDA,4,COTTAGES,6,4,51,12.96,0.666666667,2
JAGITYAL,JAGITYAL,Jagitial Town,POLASA,GUTTARAJPALLY,4,COTTAGES,5,5,711,17,1,0
HANUMAKONDA,HANAMKONDA/RURAL,PARKAL,PARKAL-TOWN,POCHARAM,4,COTTAGES,1,1,0,5.36,1,0
HANUMAKONDA,HANAMKONDA/RURAL,HASANPARTHY,HASANPARTHY,PEMBERTHY,4,COTTAGES,11,8,347,35,0.727272727,3
NIZAMABAD,DICHPALLY,NIZAMABAD - RURAL,JAKRANPALLY,MUNIPALLY,4,COTTAGES,1,1,53,2,1,0
HANUMAKONDA,HANAMKONDA/RURAL,HASANPARTHY,CHINTAGATTU (RURAL),SUDHANAPALLI,4,COTTAGES,2,1,890,20.672,0.5,1
MAHABUBABAD,THORRUR,THORRUR,THORRUR(T),GURTHUR,4,COTTAGES,1,1,15,2,1,0
WARANGAL,NARSAMPET,NARSAMPET(R),KHANAPUR,KHANAPUR(H.Q),4,COTTAGES,19,19,764,50.34,1,0
PEDDAPALLY,MANTHANI,GODAVARIKHANI,GODAWVARIKHANI WEST,ALLUUR,4,COTTAGES,3,3,119,4.24,1,0
KAMAREDDY,BANSWADA,BICHKUNDA,MADNOOR,EKLARA SMALL,4,COTTAGES,1,1,2,1,1,0
NIZAMABAD,ARMOOR,MORTHAD,MORTHAD,RAMANNAPET,4,COTTAGES,11,11,424,29.23,1,0
JAGITYAL,JAGITYAL,Jagitial Rural,SARANGAPUR,NAGUNUR,4,COTTAGES,11,10,491,32,0.909090909,1
HANUMAKONDA,HANAMKONDA/TOWN,NAYEEMNAGAR,GOPALPUR,NGOs COLONY,4,COTTAGES,1,1,632,4,1,0
KARIMNAGAR,HUZURABAD,JAMMIKUNTA,JAMMIKUNTA RURAL,MACHAMPELLY (JKT),4,COTTAGES,4,4,747,8.1,1,0
JAGITYAL,JAGITYAL,DHARMAPURI,NERELLA,MADDUNOOR,4,COTTAGES,3,3,944,10,1,0
NIZAMABAD,NIZAMABAD,NIZAMABAD TOWN 3,DISTRIBUTION-IV,L7,4,COTTAGES,2,0,0,10,0,2
KARIMNAGAR,KARIMNAGAR,Karimnagar Town,KRN TOWN 8,AUTO NAGAR,4,COTTAGES,1,1,0,8,1,0
JANGAON,JANGAON,JANGAON,JANGAON (T),GEETA NAGAR,4,COTTAGES,2,2,269,10,1,0
MAHABUBABAD,MAHABUBABAD,GUDUR,GUDUR,EPUR,4,COTTAGES,1,1,15,5,1,0
KAMAREDDY,KAMAREDDY,Kamareddy Rural,RAMAREDDY,POSANIPET,4,COTTAGES,1,1,53,4.26,1,0
JAGITYAL,JAGITYAL,Jagitial Rural,SARANGAPUR,POCHAMPET,4,COTTAGES,3,3,179,8.321,1,0
NIZAMABAD,ARMOOR,BHEEMGAL,VELPUR,ANKASAPUR,4,COTTAGES,3,3,77,9,1,0
MANCHERIAL,MANCHERIAL,MANCHERIAL,MANCHIRIAL TOWN2,MANCHERIAL TOWN II,4,COTTAGES,2,0,0,8,0,2
JANGAON,JANGAON,JANGAON,BACHANNAPET,BACHANNAPET (HQ),4,COTTAGES,1,0,0,3,0,1
NIZAMABAD,BODHAN,RUDRUR,KOTAGIRI,KOTAGIRI,4,COTTAGES,8,7,183,32.012,0.875,1
PEDDAPALLY,MANTHANI,Manthani,MUTHARAM,LAKKARAM,4,COTTAGES,3,3,178,7,1,0
HANUMAKONDA,HANAMKONDA/RURAL,HANAMKONDA(R),DHARMASAGAR,KESHVNAGAR,4,COTTAGES,1,1,162,4.5,1,0
KHAMMAM,WYRA,WYRA,WYRA (RURAL),PUNYAPURAM,4,COTTAGES,1,1,52,2,1,0
KARIMNAGAR,KARIMNAGAR RURAL,NUSTHULAPUR,GANNERUVARAM,MADHAPUR,4,COTTAGES,1,1,21,5,1,0
WARANGAL,RURAL WARANGAL,WARDHANNAPET,MYLARAM,OOKALLU (WEST),4,COTTAGES,6,6,182,22,1,0
KARIMNAGAR,HUZURABAD,JAMMIKUNTA,VEENAVANKA,KANAPARTHY,4,COTTAGES,1,0,0,0.24,0,1
JANGAON,GHANPUR,PALAKURTHY,PALAKURTHY,VAVILALA,4,COTTAGES,5,4,220,16.2,0.8,1
NIZAMABAD,ARMOOR,PERKIT,PERKIT,CHEPUR,4,COTTAGES,2,2,61,8.47,1,0
JANGAON,JANGAON,JANGAON,JANGAON (T),BANAPURAM,4,COTTAGES,3,2,17,12,0.666666667,1
MAHABUBABAD,THORRUR,MARIPEDA,NARASIMHULAPETA,VANTHADUPULA,4,COTTAGES,3,3,139,12,1,0
KHAMMAM,KHAMMAM,KHAMMAM(T),KHAMMAM TOWN-1,ZONE (1)  KHAMMAM,4,COTTAGES,21,16,1791,96.2,0.761904762,5
PEDDAPALLY,PEDDAPALLY,SULTHANABAD,SULTHANABAD,NARAYANPOOR   ,4,COTTAGES,2,2,140,4,1,0
KAMAREDDY,KAMAREDDY,DOMAKONDA,DOMAKONDA,DOMAKONDA,4,COTTAGES,5,4,268,31,0.8,1
NIZAMABAD,DICHPALLY,NIZAMABAD - RURAL,SARANGAPOOR,SASTRYNAGAR,4,COTTAGES,1,1,358,4.48,1,0
JAGITYAL,JAGITYAL,Jagitial Town,CHELGAL,ANTHERGAON,4,COTTAGES,4,4,286,15.4,1,0
KARIMNAGAR,KARIMNAGAR,Karimnagar Town,KRN TOWN 3,RAMALAYAM,4,COTTAGES,1,1,124,7,1,0
JANGAON,GHANPUR,PALAKURTHY,PALAKURTHY RURAL,BOMMERA,4,COTTAGES,4,4,148,7.5,1,0
NIZAMABAD,NIZAMABAD,NIZAMABAD TOWN 3,NAGARAM,NAGARAM,4,COTTAGES,2,2,69,5.6,1,0
JAGITYAL,JAGITYAL,Jagitial Town,POLASA,DHARMARAM,4,COTTAGES,3,3,71,7,1,0
JANGAON,GHANPUR,GHANPUR,RAJAVARAM,CHILPUR,4,COTTAGES,1,1,55,5,1,0
MAHABUBABAD,MAHABUBABAD,GUDUR,KOTHAGUDA,MYSMI,4,COTTAGES,2,2,17,6,1,0
JANGAON,JANGAON,JANGAON,JANGAON (T),GRAIN MARKET,4,COTTAGES,39,33,4579,176.25,0.846153846,6
HANUMAKONDA,HANAMKONDA/RURAL,KAMALAPUR,UPPAL,DESHRAJ PALLY,4,COTTAGES,3,2,8,7,0.666666667,1
BHADRADRI KOTHAGUDEM,KOTHAGUDEM,YELLANDU,YELLANDU TOWN,YELLANDU,4,COTTAGES,6,5,893,29,0.833333333,1
JANGAON,GHANPUR,PALAKURTHY,PALAKURTHY RURAL,RAGHAVAPUR,4,COTTAGES,2,2,17,2.34,1,0
KAMAREDDY,YELLAREDDY,YELLAREDDY,NAGIREDDIPET,DHARMAREDDI,4,COTTAGES,1,1,101,3,1,0
ADILABAD,ADILABAD,ADILABAD TOWN,ADILABAD - RURAL,YAPALGUDA,4,COTTAGES,1,0,0,3,0,1
KAMAREDDY,BANSWADA,BICHKUNDA,MADNOOR,MADNOOR,4,COTTAGES,1,1,123,2,1,0
MAHABUBABAD,THORRUR,THORRUR,PEDDA VANGARA,GANTLAKUNTA,4,COTTAGES,1,0,0,3,0,1
BHADRADRI KOTHAGUDEM,BHADRACHALAM,MANUGURU,PINAPAKA,TOKKUGUDEM <P>,4,COTTAGES,1,0,0,2,0,1
BHADRADRI KOTHAGUDEM,PALONCHA,ASWARAOPETA,VINAYAKAPURAM,GUMMDIVALLI,4,COTTAGES,2,2,103,3,1,0
KAMAREDDY,YELLAREDDY,YELLAREDDY,YELLAREDDY,RUDRARUM,4,COTTAGES,1,1,16,3.81,1,0
KARIMNAGAR,HUZURABAD,JAMMIKUNTA,CHALLUR,MALLANNAPALLY,4,COTTAGES,1,1,74,3,1,0
HANUMAKONDA,HANAMKONDA/RURAL,HASANPARTHY,CHINTHAGATTU (TOWN),CHINTHAGATTU,4,COTTAGES,3,3,2293,14,1,0
JAGITYAL,JAGITYAL,DHARMAPURI,RAJARAMPALLY,AMBARIPET     ,4,COTTAGES,1,0,0,1,0,1
NIZAMABAD,NIZAMABAD,NAVIPET,NAVIPET,NAVIPET,4,COTTAGES,1,1,0,3,1,0
JAGITYAL,JAGITYAL,GOLLAPALLY,PEGADAPALLY,LEGALAMARRY,4,COTTAGES,2,1,12,4,0.5,1
JANGAON,JANGAON,DEVARUPPALA,SINGARAJPALLE,CHOWDUR,4,COTTAGES,1,1,6,4.34,1,0
KAMAREDDY,BANSWADA,PITLAM,PEDDA KONDAPGAL,KATEPALLY,4,COTTAGES,3,3,17,6,1,0
MAHABUBABAD,THORRUR,MARIPEDA,YELLAMPET,YELLAMPET (HQ),4,COTTAGES,2,2,244,6,1,0
NIZAMABAD,ARMOOR,BHEEMGAL,BHEEMGAL (T),BABANAGAR COLONY,4,COTTAGES,1,1,95,3,1,0
BHADRADRI KOTHAGUDEM,KOTHAGUDEM,KOTHAGUDEM,KOTHAGUDEM - SOUTH,SHESHAGIRI NAGAR-KR,4,COTTAGES,1,1,39,2,1,0
KAMAREDDY,KAMAREDDY,Kamareddy Town,KAMAREDDY(R),RAGHAVAPOOR,4,COTTAGES,1,0,0,3,0,1
KHAMMAM,KHAMMAM RURAL,YEDULAPURAM,TIRUMALAYAPALEM,TIRUMALAYAPALEM,4,COTTAGES,1,1,35,2.1,1,0
KHAMMAM,SATHUPALLY,THALLADA,THALLADA,ANJANAPURAM,4,COTTAGES,1,0,0,1.139,0,1
BHADRADRI KOTHAGUDEM,BHADRACHALAM,MANUGURU,MANUGURU,TOKUGUDEM (M),4,COTTAGES,1,1,62,3,1,0
WARANGAL,WARANGAL,MULUGU ROAD,AREPALLY,MUSALAMMAKUNTA,4,COTTAGES,1,1,42,11,1,0
BHUPALAPALLY,BHUPALAPALLY,KATARAM,KOYYUR,MALLARAM - B,4,COTTAGES,3,3,149,10,1,0
KAMAREDDY,BANSWADA,PITLAM,PITLAM,CHINNA KODPAGAL,4,COTTAGES,2,0,0,5.24,0,2
BHADRADRI KOTHAGUDEM,BHADRACHALAM,MANUGURU,PINAPAKA,SEETHAMPETA <P>,4,COTTAGES,2,1,20,2.67,0.5,1
MAHABUBABAD,MAHABUBABAD,KESAMUDRAM,KESAMUDRAM,PENUGONDA,4,COTTAGES,1,1,16,3,1,0
JANGAON,JANGAON,DEVARUPPALA,LINGALA GHANPUR,KALLEM,4,COTTAGES,3,3,62,15.64,1,0
JAGITYAL,METPALLY,MALLAPOOR,IBRAHIMPATNAM,VEMULAKURTHY,4,COTTAGES,8,6,347,34,0.75,2
KHAMMAM,WYRA,WYRA,WYRA,MUSALIMADUGU,4,COTTAGES,1,0,0,0.858,0,1
NIZAMABAD,ARMOOR,BHEEMGAL,BHEEMGAL (T),PURANIPET,4,COTTAGES,9,8,830,32.168,0.888888889,1
JAGITYAL,JAGITYAL,DHARMAPURI,NERELLA,GOPULAPUR,4,COTTAGES,7,7,127,23,1,0
JAGITYAL,METPALLY,METPALLY,METPALLY RURAL,CHEVULAMADDI,4,COTTAGES,2,2,55,9,1,0
NIZAMABAD,BODHAN,BODHAN,BODHAN TOWN-II,CHINNAPENTA KURD,4,COTTAGES,2,0,0,0.35,0,2
KARIMNAGAR,KARIMNAGAR RURAL,ALUGUNOOR,MANAKONDUR,VELDHI,4,COTTAGES,2,1,6,4.3,0.5,1
HANUMAKONDA,HANAMKONDA/RURAL,PARKAL,SHAYAMPET,MYLARAM,4,COTTAGES,1,1,210,10,1,0
HANUMAKONDA,HANAMKONDA/TOWN,NAYEEMNAGAR,GOPALPUR,TV TOWER,4,COTTAGES,1,1,191,3,1,0
NIZAMABAD,DICHPALLY,DICHPALLY,DHARPALLY,KESHARAM,4,COTTAGES,1,1,3,3,1,0
PEDDAPALLY,PEDDAPALLY,KALVA SRIRAMPUR,POTHKAPALLY,GUDEM (REC)   ,4,COTTAGES,1,1,132,5,1,0
NIZAMABAD,ARMOOR,PERKIT,MENDORA,BUSSAPUR,4,COTTAGES,4,4,524,10.74,1,0
WARANGAL,WARANGAL,WARANGAL,GORREKUNTA,DHARMARAM,4,COTTAGES,2,2,597,9,1,0
PEDDAPALLY,PEDDAPALLY,KALVA SRIRAMPUR,SRIRAMPUR,KOONARAM      ,4,COTTAGES,2,2,98,5,1,0
WARANGAL,WARANGAL,WARANGAL,A.J.MILLS,KASIBUGGA-I,4,COTTAGES,1,1,183,10,1,0
NIZAMABAD,NIZAMABAD,NANDIPET,MAKLOOR,BORGAON (KALAN),4,COTTAGES,5,1,59,2.1,0.2,4
BHADRADRI KOTHAGUDEM,PALONCHA,PALVANCHA,PALVONCHA RURAL,JAGANNDHAPURAM (P),4,COTTAGES,2,2,112,8,1,0
KHAMMAM,SATHUPALLY,THALLADA,KURNAVALLY,KURNAVALLY,4,COTTAGES,1,0,0,1.6,0,1
JAGITYAL,JAGITYAL,GOLLAPALLY,BATHIKEPALLY,BATHIKAPALLY,4,COTTAGES,31,28,4630,141.74,0.903225806,3
KAMAREDDY,KAMAREDDY,Kamareddy Rural,VELPUGONDA,BHAVANIPET,4,COTTAGES,4,4,803,22,1,0
KHAMMAM,KHAMMAM,KOTHALINGALA,CHEEMALAPADU,SETHARAM PURAM-KAR,4,COTTAGES,2,0,0,9,0,2
MAHABUBABAD,THORRUR,MARIPEDA,YELLAMPET,THALLA OOKAL,4,COTTAGES,2,2,135,10,1,0
WARANGAL,NARSAMPET,NARSAMPET(R),NARSAMPET (RURAL),RAMAVARAM,4,COTTAGES,1,1,119,3,1,0
KAMAREDDY,KAMAREDDY,Kamareddy Rural,RAMAREDDY,UPPALWAI,4,COTTAGES,1,1,0,2,1,0
JAGITYAL,JAGITYAL,Jagitial Town,CHELGAL,MORAPALLY,4,COTTAGES,9,9,879,26.42,1,0
JANGAON,JANGAON,DEVARUPPALA,LINGALA GHANPUR,SIRIPURAM,4,COTTAGES,1,1,59,2,1,0
JAGITYAL,JAGITYAL,MALLIAL,RAMANNAPET,OBLAPOOR,4,COTTAGES,5,3,203,16,0.6,2
KHAMMAM,SATHUPALLY,PENUBALLY,PEDDA KORUKONDI,CHINA KORUKONDI,4,COTTAGES,1,1,102,3,1,0
MAHABUBABAD,THORRUR,THORRUR,CHINNAVANGARA,VENKATAPURAM,4,COTTAGES,2,2,127,8,1,0
JAGITYAL,JAGITYAL,Jagitial Rural,RAIKAL,VEERAPUR,4,COTTAGES,7,7,83,25,1,0
KAMAREDDY,YELLAREDDY,YELLAREDDY,YELLAREDDY,PEDDA REDDY,4,COTTAGES,1,1,165,3,1,0
JAGITYAL,METPALLY,METPALLY,METPALLY TOWN 2,REGUNTA,4,COTTAGES,2,2,72,8,1,0
MAHABUBABAD,MAHABUBABAD,MAHABUBABAD(T),MAHABUBABAD (TOWN),MAHABUBABAD-6   (HQ),4,COTTAGES,6,5,249,22,0.833333333,1
MAHABUBABAD,MAHABUBABAD,KORIVI,GARLA,DUBBA GUDEM-GAR,4,COTTAGES,1,0,0,0.5,0,1
MANCHERIAL,MANCHERIAL,LUXETTIPET,DANDEPALLY,KASIPET  B,4,COTTAGES,2,0,0,30,0,2
WARANGAL,RURAL WARANGAL,KAPULAKANAPARTHY,SANGEM,NUMMADIVARAM,4,COTTAGES,1,1,41,5,1,0
JANGAON,GHANPUR,PALAKURTHY,KODAKANDLA,KODAKANDLA HQ ,4,COTTAGES,93,89,8322,373.39,0.956989247,4
KARIMNAGAR,HUZURABAD,HUZURABAD,SAIDAPUR,PERKAPALLY,4,COTTAGES,2,2,32,5,1,0
MAHABUBABAD,THORRUR,NELLIKUDURU,MUNAGALAVEEDU,ALAIR,4,COTTAGES,3,3,79,9,1,0
NIRMAL,NIRMAL,NIRMAL RURAL,DILWARPUR,DILWARPUR,4,COTTAGES,1,0,0,5,0,1
KAMAREDDY,KAMAREDDY,Kamareddy Town,KAMAREDDY(R),CHINNAMALLAREDDY,4,COTTAGES,5,5,183,22,1,0
WARANGAL,RURAL WARANGAL,WARDHANNAPET,RAYAPARTHI,PERKED,4,COTTAGES,10,8,98,32.5,0.8,2
JAGITYAL,JAGITYAL,Jagitial Rural,VADDELINGAPUR,MOOTAPALLY,4,COTTAGES,8,8,221,21,1,0
KAMAREDDY,KAMAREDDY,Kamareddy Town,TADWAI,KRISHNAJIWADI,4,COTTAGES,5,4,267,17,0.8,1
JAGITYAL,METPALLY,KORUTLA RURAL,AMBARIPET,DUMPET,4,COTTAGES,2,2,8,8,1,0
PEDDAPALLY,MANTHANI,Manthani,MUTHARAM,MAIDAM BANDA,4,COTTAGES,2,2,9,8,1,0
JAGITYAL,JAGITYAL,Jagitial Town,CHELGAL,LIMGAMPET,4,COTTAGES,1,0,0,1,0,1
KARIMNAGAR,KARIMNAGAR,Karimnagar Rural,KOTHAPALLY,SEETHARAMPUR,4,COTTAGES,1,0,0,8,0,1
KAMAREDDY,KAMAREDDY,DOMAKONDA,RAJAMPET,KONDAPOOR,4,COTTAGES,3,2,110,15,0.666666667,1
NIZAMABAD,ARMOOR,PERKIT,PERKIT,SUBRIYAL,4,COTTAGES,3,3,168,9.205,1,0
BHADRADRI KOTHAGUDEM,BHADRACHALAM,MANUGURU,PINAPAKA,SARJETPALLY,4,COTTAGES,1,0,0,3,0,1
KHAMMAM,SATHUPALLY,PENUBALLY,PEDDA KORUKONDI,TALLURU,4,COTTAGES,1,1,4,2,1,0
PEDDAPALLY,MANTHANI,Manthani,KAMANPUR,NAGARAM,4,COTTAGES,2,1,0,10,0.5,1
KARIMNAGAR,KARIMNAGAR,KARIMNAGAR TOWN 2,KRN TOWN 4,MUKARAMPURA ,4,COTTAGES,1,0,0,5,0,1
BHADRADRI KOTHAGUDEM,KOTHAGUDEM,LAXMIDEVIPALLY,BOMMANAPALLY,BOMMANA PALLY-TP,4,COTTAGES,1,1,82,1.2,1,0
JAGITYAL,METPALLY,KORUTLA RURAL,KATHALAPOOR,BHUSHANRAOPET,4,COTTAGES,2,1,34,5.26,0.5,1
NIZAMABAD,DICHPALLY,DICHPALLY,SIRIKONDA,CHIMANPALLY,4,COTTAGES,6,5,573,31.26,0.833333333,1
NIZAMABAD,NIZAMABAD,NANDIPET,NANDIPET,BAJAR KOTHUR,4,COTTAGES,1,1,6,5,1,0
KHAMMAM,KHAMMAM,PEDDA GOPATHI,CHINTHAKANI,NAGILIGONDA,4,COTTAGES,2,2,72,5.22,1,0
JAGITYAL,JAGITYAL,Jagitial Rural,BEERPUR,KANDLAPALLY,4,COTTAGES,5,5,83,14.87,1,0
JANGAON,JANGAON,RAGHUNATHPALLY,QUILASHAPUR,MANDALGUDEM,4,COTTAGES,2,2,26,6,1,0
NIZAMABAD,ARMOOR,PERKIT,PERKIT,PERKIT,4,COTTAGES,15,14,1247,64.579,0.933333333,1
NIZAMABAD,DICHPALLY,NIZAMABAD - RURAL,JAKRANPALLY,JAKRANPALY,4,COTTAGES,9,8,668,56.5,0.888888889,1
PEDDAPALLY,PEDDAPALLY,KALVA SRIRAMPUR,POTHKAPALLY,INDURTHY      ,4,COTTAGES,1,1,10,5,1,0
BHUPALAPALLY,BHUPALAPALLY,BHOOPALPALLY,GHANPUR (MULUG),GANDHINAGAR,4,COTTAGES,2,2,131,12,1,0
PEDDAPALLY,PEDDAPALLY,SULTHANABAD,KANKULA,RAGADIMADDI KUNTA             ,4,COTTAGES,4,4,76,8,1,0
NIZAMABAD,BODHAN,RUDRUR,CHANDOOR,MOSRA,4,COTTAGES,11,0,0,2.42,0,11
JAGITYAL,JAGITYAL,DHARMAPURI,DHARMAPURI,JAINA,4,COTTAGES,2,2,62,8,1,0
WARANGAL,RURAL WARANGAL,WARDHANNAPET,WARDHANNAPET,CHENNARAM,4,COTTAGES,12,10,658,30.26,0.833333333,2
KHAMMAM,SATHUPALLY,PENUBALLY,KALLURU,BATHULAPALLY,4,COTTAGES,1,1,11,1,1,0
BHUPALAPALLY,BHUPALAPALLY,BHOOPALPALLY,BHOOPALPALLY RURAL,GORLAVEDU,4,COTTAGES,3,3,173,6.3,1,0
NIZAMABAD,NIZAMABAD,NIZAMABAD TOWN 2,DISTRIBUTION-II,M5,4,COTTAGES,64,63,2514,87.23,0.984375,1
HANUMAKONDA,HANAMKONDA/TOWN,KAZIPET,KADIPIKONDA,KADIPIKONDA,4,COTTAGES,1,1,170,9,1,0
HANUMAKONDA,HANAMKONDA/RURAL,KAMALAPUR,UPPAL,SHAMBUNIPALLY,4,COTTAGES,4,3,209,12,0.75,1
KARIMNAGAR,HUZURABAD,JAMMIKUNTA,CHALLUR,KISTAMPET,4,COTTAGES,1,1,9,2,1,0
WARANGAL,NARSAMPET,NARSAMPET(TOWN,NALLABELLY,KANNARAOPET,4,COTTAGES,1,1,121,4.24,1,0
PEDDAPALLY,PEDDAPALLY,KALVA SRIRAMPUR,SRIRAMPUR,THARA PALLY ,4,COTTAGES,1,1,19,3,1,0
JAGITYAL,JAGITYAL,GOLLAPALLY,GOLLAPALLY,GANGADEVIPALLY,4,COTTAGES,2,2,54,9,1,0
MAHABUBABAD,MAHABUBABAD,KESAMUDRAM,KESAMUDRAM,UPPARAPALLI,4,COTTAGES,2,2,30,6,1,0
MAHABUBABAD,THORRUR,NELLIKUDURU,MUNAGALAVEEDU,VAVILALA,4,COTTAGES,2,2,38,6,1,0
JAGITYAL,METPALLY,KORUTLA RURAL,AMBARIPET,GAMBEERPUR,4,COTTAGES,2,2,341,13,1,0
NIZAMABAD,ARMOOR,BHEEMGAL,VELPUR,AMEENAPUR,4,COTTAGES,1,1,91,3,1,0
KHAMMAM,SATHUPALLY,PENUBALLY,KALLURU,KAPPALA BANDAM,4,COTTAGES,1,1,108,2,1,0
KAMAREDDY,BANSWADA,BANSWADA,BANSWADA RURAL,HANMAJIPET,4,COTTAGES,1,1,77,2.811,1,0
JAGITYAL,METPALLY,KORUTLA RURAL,AMBARIPET,POTHARAM,4,COTTAGES,10,10,318,54.33,1,0
WARANGAL,RURAL WARANGAL,PARVATHAGIRI,ENUGALLU,KONKAPAKA,4,COTTAGES,12,12,1490,29.49,1,0
BHADRADRI KOTHAGUDEM,KOTHAGUDEM,KOTHAGUDEM RURAL,JULLURUPADU,GUNDE PUDI-JP,4,COTTAGES,1,0,0,3,0,1
MAHABUBABAD,MAHABUBABAD,KORIVI,DORNAKAL,UYYALAWADA,4,COTTAGES,2,2,8,5,1,0
NIZAMABAD,BODHAN,YEDPALLY,BODHAN RURAL,BELLALFORM,4,COTTAGES,1,1,361,4.33,1,0
MAHABUBABAD,MAHABUBABAD,KORIVI,KOTHAPETA,GOURARAM-BAY,4,COTTAGES,1,1,30,2,1,0
NIZAMABAD,DICHPALLY,DICHPALLY,GADKOLE,HONNAJIPET,4,COTTAGES,3,3,182,7.76,1,0
BHADRADRI KOTHAGUDEM,BHADRACHALAM,MANUGURU,ASWAPURAM,MITTAGUDEM,4,COTTAGES,2,0,0,2,0,2
HANUMAKONDA,HANAMKONDA/RURAL,HANAMKONDA(R),DHARMASAGAR,MUPPARAM,4,COTTAGES,3,2,841,13,0.666666667,1
PEDDAPALLY,PEDDAPALLY,PEDDAPALLY,BOMPALLY,NIMMANAPALLY,4,COTTAGES,1,1,482,3,1,0
NIZAMABAD,NIZAMABAD,NIZAMABAD - TOWN,DISTRIBUTION-VI,L6,4,COTTAGES,1,1,53,5,1,0
JANGAON,JANGAON,RAGHUNATHPALLY,QUILASHAPUR,JAFFERGUDEM,4,COTTAGES,1,1,22,2,1,0
NIZAMABAD,DICHPALLY,DICHPALLY,GADKOLE,TALLARAMADUGU,4,COTTAGES,6,6,314,27,1,0
JAGITYAL,JAGITYAL,Jagitial Town,CHELGAL,HASNABAD,4,COTTAGES,11,11,2813,62.68,1,0
BHADRADRI KOTHAGUDEM,KOTHAGUDEM,LAXMIDEVIPALLY,LAXMIDEVIPALLY,REGALLA-KR,4,COTTAGES,6,5,34,17.5,0.833333333,1
KHAMMAM,KHAMMAM,KOTHALINGALA,CHEEMALAPADU,GADHEPADU-KAR,4,COTTAGES,2,2,233,7,1,0
PEDDAPALLY,MANTHANI,Manthani,MUTHARAM,KESHANA PELLY,4,COTTAGES,2,2,82,6,1,0
JAGITYAL,METPALLY,MALLAPOOR,MALLAPOOR,MOGILIPET,4,COTTAGES,8,8,935,37.5,1,0
KARIMNAGAR,KARIMNAGAR RURAL,Gangadhara,ARNAKONDA,GUMLAPUR,4,COTTAGES,1,1,2149,5,1,0
WARANGAL,RURAL WARANGAL,WARDHANNAPET,WARDHANNAPET,UPPARAPALLI,4,COTTAGES,19,16,724,38.94,0.842105263,3
NIZAMABAD,DICHPALLY,DICHPALLY,DHARPALLY,RAMADUGU - (P),4,COTTAGES,4,3,301,18.53,0.75,1
NIZAMABAD,BODHAN,YEDPALLY,RENJAL,BOREGOAN,4,COTTAGES,1,0,0,3,0,1
HANUMAKONDA,HANAMKONDA/RURAL,BD Pally,BHEEMDEVARAPALLY,MANIKYAPUR,4,COTTAGES,1,0,0,1,0,1
NIZAMABAD,ARMOOR,ARMOOR,ARMOOR,B1 ZONE,4,COTTAGES,3,2,121,17.1,0.666666667,1
WARANGAL,RURAL WARANGAL,KAPULAKANAPARTHY,KAPULAKANAPARTHY,SHAPOOR,4,COTTAGES,2,2,374,10,1,0
JAGITYAL,JAGITYAL,MALLIAL,MALLIAL,THATIPALLY,4,COTTAGES,8,8,1538,32,1,0
KARIMNAGAR,KARIMNAGAR RURAL,NUSTHULAPUR,CHIGURUMAMIDI,MUDU MANIKYAM,4,COTTAGES,2,2,312,6,1,0
WARANGAL,NARSAMPET,NARSAMPET(TOWN,NALLABELLY,GUNDLAPAHAD,4,COTTAGES,1,1,21,4,1,0
JANGAON,GHANPUR,GHANPUR,SIVUNIPALLY,KOMATIGUDEM,4,COTTAGES,2,2,295,10,1,0
BHUPALAPALLY,BHUPALAPALLY,KATARAM,KATARAM,GAREPALLY,4,COTTAGES,3,3,101,13.192,1,0
NIZAMABAD,NIZAMABAD,NIZAMABAD TOWN 2,DISTRIBUTION-III,K2,4,COTTAGES,2,2,37,8,1,0
NIZAMABAD,ARMOOR,PERKIT,MENDORA,VELGATOOR,4,COTTAGES,1,0,0,1.882,0,1
KAMAREDDY,KAMAREDDY,Kamareddy Town,KAMAREDDY(R),ADLOOR,4,COTTAGES,6,6,355,27,1,0
KHAMMAM,SATHUPALLY,THALLADA,KURNAVALLY,NUTHANKAL,4,COTTAGES,1,0,0,2,0,1
KAMAREDDY,YELLAREDDY,YELLAREDDY,NAGIREDDIPET,ATMAKOOR,4,COTTAGES,2,2,37,2,1,0
KHAMMAM,KHAMMAM RURAL,KUSUMANCHI,KUSUMANCHI,CHEGOMMA,4,COTTAGES,4,3,98,8,0.75,1
JAGITYAL,JAGITYAL,Jagitial Town,CHELGAL,TARAKARAMA NAGAR,4,COTTAGES,1,1,0,2,1,0
PEDDAPALLY,MANTHANI,Manthani,MANTHANI TOWN,KAKARLA PALLY,4,COTTAGES,1,1,3,2,1,0
WARANGAL,RURAL WARANGAL,WARDHANNAPET,WARDHANNAPET,LAIBARTHI,4,COTTAGES,1,1,10,5,1,0
KHAMMAM,KHAMMAM RURAL,KUSUMANCHI,BACHODU,BEEROLU,4,COTTAGES,1,1,247,3,1,0
PEDDAPALLY,MANTHANI,Manthani,EKLASHAPUR,VEMPADU,4,COTTAGES,1,1,32,5,1,0
NIZAMABAD,DICHPALLY,NIZAMABAD - RURAL,BARDHIPOOR,KORATPALLY,4,COTTAGES,2,2,60,10,1,0
NIZAMABAD,DICHPALLY,DICHPALLY,YELLAREDDIPALLY,ANSANPALLY,4,COTTAGES,1,1,25,5,1,0
KAMAREDDY,KAMAREDDY,Kamareddy Rural,S S NAGAR,KUPRIYAL,4,COTTAGES,3,3,60,11,1,0
PEDDAPALLY,PEDDAPALLY,DHARMARAM,JULAPALLY,KONA RAO PETA ,4,COTTAGES,2,1,136,3.9,0.5,1
PEDDAPALLY,PEDDAPALLY,KALVA SRIRAMPUR,SRIRAMPUR,VENNAM PALLY  ,4,COTTAGES,1,1,0,3,1,0
JANGAON,JANGAON,JANGAON,JANGAON TOWN-II,DHARMAKANCHA,4,COTTAGES,13,11,1314,58.73,0.846153846,2
JANGAON,GHANPUR,PALAKURTHY,KODAKANDLA,GIRINI THANDA,4,COTTAGES,1,1,59,5,1,0
ADILABAD,ADILABAD,ADILABAD TOWN,ADILABAD - RURAL,ARLI (B),4,COTTAGES,1,0,0,3,0,1
NIZAMABAD,DICHPALLY,NIZAMABAD - RURAL,PADKAL,PADKAL,4,COTTAGES,1,1,85,7,1,0
MAHABUBABAD,MAHABUBABAD,KORIVI,GARLA,GARLA,4,COTTAGES,1,1,55,3,1,0
JAGITYAL,METPALLY,METPALLY,METPALLY RURAL,VELLULLA,4,COTTAGES,3,3,105,11,1,0
NIZAMABAD,DICHPALLY,DICHPALLY,DICHPALLY,NADPALLY,4,COTTAGES,1,0,0,1,0,1
NIZAMABAD,BODHAN,YEDPALLY,BODHAN RURAL,SANGAM,4,COTTAGES,2,2,153,11.74,1,0
MAHABUBABAD,THORRUR,NELLIKUDURU,DANTHALAPALLY,DANTHALPALLI,4,COTTAGES,3,3,180,8,1,0
NIZAMABAD,DICHPALLY,DICHPALLY,SIRIKONDA,KONDUR,4,COTTAGES,6,5,66,13,0.833333333,1
MAHABUBABAD,MAHABUBABAD,KESAMUDRAM,KESAMUDRAM,ARPANAPALLI,4,COTTAGES,1,1,33,3,1,0
BHUPALAPALLY,BHUPALAPALLY,KATARAM,KOYYUR,VALLAMKUNTA,4,COTTAGES,4,4,42,8,1,0
WARANGAL,NARSAMPET,NEKKONDA,NEKKONDA,BANZORA PALLY,4,COTTAGES,1,1,8,1.5,1,0
BHADRADRI KOTHAGUDEM,BHADRACHALAM,MANUGURU,PINAPAKA,UPPAKA,4,COTTAGES,1,1,103,2.6,1,0
JAGITYAL,JAGITYAL,GOLLAPALLY,PEGADAPALLY,MALA VENKAYA PALLY,4,COTTAGES,13,13,4678,55,1,0
JAGITYAL,JAGITYAL,MALLIAL,RAMANNAPET,BALWANTHAPUR,4,COTTAGES,5,4,233,90,0.8,1
KHAMMAM,KHAMMAM,KOTHALINGALA,CHEEMALAPADU,BASWAPURAM,4,COTTAGES,2,0,0,2.5,0,2
JAGITYAL,METPALLY,KORUTLA,KORUTLA RURAL,VENKATAPUR,4,COTTAGES,1,1,42,4,1,0
KHAMMAM,KHAMMAM RURAL,MUDIGONDA,MUDIGONDA,SUVARNAPURAM,4,COTTAGES,3,3,136,11,1,0
JAGITYAL,JAGITYAL,DHARMAPURI,RAJARAMPALLY,RAJARAMPALLY,4,COTTAGES,4,3,48,16,0.75,1
KHAMMAM,KHAMMAM RURAL,YEDULAPURAM,TIRUMALAYAPALEM,PINDIPROLU,4,COTTAGES,4,4,81,7.77,1,0
JAGITYAL,METPALLY,METPALLY,METPALLY RURAL,KONDRIKARLA,4,COTTAGES,2,2,46,6,1,0
JAGITYAL,JAGITYAL,MALLIAL,KODIMIAL,THIRUMALAPOOR,4,COTTAGES,2,1,82,4,0.5,1
JAGITYAL,METPALLY,MALLAPOOR,RAGHAVAPET,SATHARAM,4,COTTAGES,3,3,92,13,1,0
MAHABUBABAD,MAHABUBABAD,KESAMUDRAM,KESAMUDRAM,KESAMUDRAM VILLAGE,4,COTTAGES,2,2,68,6,1,0
JAGITYAL,JAGITYAL,MALLIAL,PUDUR,APPARAOPET,4,COTTAGES,1,1,18,5,1,0
NIZAMABAD,ARMOOR,ARMOOR,DEGOAN,DEGAON,4,COTTAGES,2,2,13,6,1,0
WARANGAL,RURAL WARANGAL,WARDHANNAPET,WARDHANNAPET,KOTHAPALLI (WEST),4,COTTAGES,3,3,50,12.01,1,0
BHUPALAPALLY,BHUPALAPALLY,BHOOPALPALLY,BHOOPALPALLY RURAL,PERKAPALLY,4,COTTAGES,1,0,0,1,0,1
JANGAON,GHANPUR,GHANPUR,GHANPUR (TOWN),CHAGAL,4,COTTAGES,4,4,101,11.23,1,0
WARANGAL,RURAL WARANGAL,PARVATHAGIRI,ENUGALLU,CHINTANEKKONDA,4,COTTAGES,2,2,46,9,1,0
NIZAMABAD,ARMOOR,BHEEMGAL,BHEEMGAL-RURAL,SECENDRAPOOR,4,COTTAGES,3,3,183,15.313,1,0
NIZAMABAD,DICHPALLY,NIZAMABAD - RURAL,NIZAMABAD(RURAL),KESHAPUR,4,COTTAGES,1,1,0,4,1,0
MAHABUBABAD,MAHABUBABAD,MAHABUBABAD(T),MAHABUBABAD TOWN2,SAI & RAM MANDIR AREA,4,COTTAGES,4,4,446,23.35,1,0
NIZAMABAD,DICHPALLY,DICHPALLY,GADKOLE,THUMPALLY,4,COTTAGES,4,4,160,13.23,1,0
WARANGAL,RURAL WARANGAL,PARVATHAGIRI,PARVATHAGIRI,PARVATHAGIRI,4,COTTAGES,5,5,73,11.732,1,0
MAHABUBABAD,MAHABUBABAD,KORIVI,KORIVI,MOGILICHERLA,4,COTTAGES,1,1,36,2,1,0
KAMAREDDY,BANSWADA,PITLAM,PITLAM,ANNARAM KALAN,4,COTTAGES,1,1,61,3,1,0
KHAMMAM,KHAMMAM,PEDDA GOPATHI,NAGULAVANCHA,SEETHAMPETA,4,COTTAGES,1,1,35,0.16,1,0
NIZAMABAD,ARMOOR,MORTHAD,MORTHAD,SUNKET,4,COTTAGES,1,1,55,2,1,0
PEDDAPALLY,MANTHANI,RAMAGUNDAM,MEDIPALLY (NTPC),KRISHNA NAGAR,4,COTTAGES,6,3,241,26,0.5,3
HANUMAKONDA,HANAMKONDA/RURAL,KAMALAPUR,KAMALAPUR,GUDUR,4,COTTAGES,6,6,552,23,1,0
MAHABUBABAD,THORRUR,THORRUR,CHINNAVANGARA,FATHEPUR,4,COTTAGES,1,1,68,3,1,0
JAGITYAL,METPALLY,KORUTLA RURAL,MANNEGUDEM,RAJALINGAMPET,4,COTTAGES,2,2,37,8,1,0
KHAMMAM,SATHUPALLY,PENUBALLY,KALLURU,CHANDRUPATLA,4,COTTAGES,3,2,36,5.492,0.666666667,1
NIZAMABAD,ARMOOR,PERKIT,MUPKAL,MUPKAL,4,COTTAGES,6,6,243,14.76,1,0
NIZAMABAD,NIZAMABAD,NANDIPET,MAKLOOR,AMRAD,4,COTTAGES,1,1,41,5,1,0
BHUPALAPALLY,BHUPALAPALLY,KATARAM,KOYYUR,ANSANPALLY,4,COTTAGES,1,1,23,2,1,0
BHUPALAPALLY,BHUPALAPALLY,CHITYAL,MOGULLAPALLY,METPALLI,4,COTTAGES,1,1,34,2,1,0
JANGAON,GHANPUR,GHANPUR,ZAFARGADH,THAMMADAPALLY(R)-I,4,COTTAGES,2,2,56,7.682,1,0
PEDDAPALLY,PEDDAPALLY,SULTHANABAD,KANKULA,KANUKULA      ,4,COTTAGES,3,3,526,11,1,0
MAHABUBABAD,MAHABUBABAD,GUDUR,GUDUR,MARRIMITTA,4,COTTAGES,1,1,26,3,1,0
PEDDAPALLY,MANTHANI,Manthani,EKLASHAPUR,THOTAGOPAIAH PALLY,4,COTTAGES,1,1,9,3,1,0
ADILABAD,ADILABAD,JAINATH,JAINATH,ADA,4,COTTAGES,1,0,0,3,0,1
BHUPALAPALLY,BHUPALAPALLY,KATARAM,KOYYUR,NACHARAM,4,COTTAGES,1,1,0,2,1,0
NIRMAL,BHAINSA,BHAINSA,KALLUR,KUNTALA,4,COTTAGES,1,1,139,9,1,0
NIZAMABAD,NIZAMABAD,NAVIPET,NAVIPET,FATHE NAGAR,4,COTTAGES,1,1,212,4,1,0
HANUMAKONDA,HANAMKONDA/RURAL,HASANPARTHY,HASANPARTHY,MADIPALLY,4,COTTAGES,1,1,29,5,1,0
NIZAMABAD,NIZAMABAD,NANDIPET,NOOTHPALLY,MARAMPALLY,4,COTTAGES,1,0,0,1.5,0,1
BHADRADRI KOTHAGUDEM,BHADRACHALAM,MANUGURU,MANUGURU,EGGIDIGUDEM,4,COTTAGES,3,0,0,7,0,3
NIZAMABAD,BODHAN,BODHAN,BODHAN TOWN-II,KOPARTHY CAMP,4,COTTAGES,1,0,0,12,0,1
WARANGAL,WARANGAL,WARANGAL,FORT WARANGAL,EAST FORT,4,COTTAGES,2,2,706,11,1,0
KARIMNAGAR,KARIMNAGAR RURAL,Gangadhara,GANGADHARA,VENKATAYAPALLY,4,COTTAGES,2,0,0,1.1,0,2
KHAMMAM,KHAMMAM,PEDDA GOPATHI,KONIJERLA,PALLIPADU,4,COTTAGES,5,5,78,10.1,1,0
JAGITYAL,METPALLY,MALLAPOOR,MEDIPALLY-IBP,SATHAKKAPALLY,4,COTTAGES,2,2,37,5,1,0
WARANGAL,RURAL WARANGAL,WARDHANNAPET,MYLARAM,VENKATESHWARAPALLY,4,COTTAGES,2,2,44,7.68,1,0
KARIMNAGAR,HUZURABAD,JAMMIKUNTA,JAMMIKUNTA TOWN,HUZURABAD ROAD,4,COTTAGES,3,3,231,19,1,0
NIZAMABAD,DICHPALLY,DICHPALLY,SIRIKONDA,KURDULPET,4,COTTAGES,1,1,13,2,1,0
JAGITYAL,JAGITYAL,GOLLAPALLY,BATHIKEPALLY,THIRUMALAPOOR,4,COTTAGES,1,1,16,3,1,0
WARANGAL,NARSAMPET,NARSAMPET(R),NARSAMPET (RURAL),DASARIPALLY,4,COTTAGES,2,2,44,8,1,0
NIZAMABAD,ARMOOR,PERKIT,BALAKONDA,BASSAPUR,4,COTTAGES,1,1,90,3,1,0
KARIMNAGAR,KARIMNAGAR RURAL,ALUGUNOOR,CHENJARLA,KONDAPALAKALA,4,COTTAGES,1,1,486,14,1,0
KAMAREDDY,BANSWADA,BANSWADA,NASRULLABAD,MIRZAPUR,4,COTTAGES,2,2,26,8,1,0
NIZAMABAD,DICHPALLY,DICHPALLY,GADKOLE,HUSSAINNAGAR,4,COTTAGES,7,7,90,23,1,0
WARANGAL,WARANGAL,WARANGAL,FORT WARANGAL,MIDDLE FORT,4,COTTAGES,1,1,0,5,1,0
NIRMAL,NIRMAL,NIRMAL,SOAN,BOPPARAM,4,COTTAGES,1,1,381,6,1,0
PEDDAPALLY,PEDDAPALLY,PEDDAPALLY,RAGHAVAPUR,RAMPALLI,4,COTTAGES,1,1,15,4,1,0
JANGAON,GHANPUR,GHANPUR,SIVUNIPALLY,SAMUDARALA,4,COTTAGES,1,0,0,0.96,0,1
KARIMNAGAR,HUZURABAD,HUZURABAD,AMUDALAPALLY,YERUKALAGUDEM,4,COTTAGES,1,1,50,3,1,0
HANUMAKONDA,HANAMKONDA/RURAL,PARKAL,DAMERA,THAKALAPAHAD,4,COTTAGES,1,1,417,3,1,0
JANGAON,GHANPUR,PALAKURTHY,PALAKURTHY RURAL,VISNOOR,4,COTTAGES,2,2,9,5,1,0
JANGAON,JANGAON,DEVARUPPALA,LINGALA GHANPUR,WANAPARTHY,4,COTTAGES,2,1,14,4,0.5,1
MAHABUBABAD,THORRUR,MARIPEDA,NARASIMHULAPETA,PADAMATIGUDEM,4,COTTAGES,1,1,59,3,1,0
JANGAON,JANGAON,DEVARUPPALA,LINGALA GHANPUR,PATELGUDEM,4,COTTAGES,2,1,85,10.18,0.5,1
KARIMNAGAR,KARIMNAGAR RURAL,ALUGUNOOR,ALUGUNUR,MALLAPUR,4,COTTAGES,2,1,459,4.4,0.5,1
KARIMNAGAR,HUZURABAD,JAMMIKUNTA,THANUGULA,PAPAKKAPALLY-VAVILAL,4,COTTAGES,1,1,109,2,1,0
JAGITYAL,JAGITYAL,Jagitial Rural,SARANGAPUR,PEMBETLA,4,COTTAGES,7,7,156,23,1,0
NIZAMABAD,DICHPALLY,NIZAMABAD - RURAL,BARDHIPOOR,SUDDULAM,4,COTTAGES,3,3,98,15,1,0
KAMAREDDY,BANSWADA,BANSWADA,BANSWADA RURAL,SANGOJIPET,4,COTTAGES,1,1,13,2,1,0
JAGITYAL,JAGITYAL,Jagitial Town,POLASA,GOPALARAOPET,4,COTTAGES,2,2,17,6,1,0
HANUMAKONDA,HANAMKONDA/RURAL,KAMALAPUR,KAMALAPUR,KAMALAPUR,4,COTTAGES,63,33,2810,217.36,0.523809524,30
BHADRADRI KOTHAGUDEM,PALONCHA,PALVANCHA,PALVONCHA RURAL,NAGARAM,4,COTTAGES,2,1,14,3.697,0.5,1
KAMAREDDY,YELLAREDDY,LINGAMPET,GANDHARI,TIMMAPOOR,4,COTTAGES,1,1,0,1.999,1,0
MAHABUBABAD,MAHABUBABAD,KORIVI,DORNAKAL,GOLLACHERLA,4,COTTAGES,2,2,125,6,1,0
KAMAREDDY,KAMAREDDY,Kamareddy Town,KAMAREDDY(R),LINGAPOOR,4,COTTAGES,2,2,225,7,1,0
BHADRADRI KOTHAGUDEM,KOTHAGUDEM,KOTHAGUDEM RURAL,CHANDRUGONDA,MADDUKUR-CG,4,COTTAGES,1,1,0,3,1,0
KARIMNAGAR,HUZURABAD,JAMMIKUNTA,VEENAVANKA,SREERAMULUPET,4,COTTAGES,1,1,1,3,1,0
NIZAMABAD,ARMOOR,MORTHAD,YERGATLA,SHETPALLI,4,COTTAGES,6,5,35,15.18,0.833333333,1
KARIMNAGAR,KARIMNAGAR RURAL,Gangadhara,GUNDI,TIRMALAPOOR,4,COTTAGES,4,4,316,14,1,0
KARIMNAGAR,KARIMNAGAR RURAL,Gangadhara,GUNDI,LAXMIPUR,4,COTTAGES,5,4,605,14,0.8,1
NIZAMABAD,ARMOOR,BHEEMGAL,BHEEMGAL (T),CHENGAL,4,COTTAGES,1,0,0,4,0,1
NIZAMABAD,NIZAMABAD,NAVIPET,JANNEPALLY,ANJUMAN FORM,4,COTTAGES,1,1,273,1,1,0
MAHABUBABAD,THORRUR,NELLIKUDURU,DANTHALAPALLY,GUNNEPALLI,4,COTTAGES,2,2,96,6,1,0
BHUPALAPALLY,BHUPALAPALLY,KATARAM,MAHADEVPUR,BOMMAPOOR,4,COTTAGES,5,5,101,10,1,0
KAMAREDDY,BANSWADA,BICHKUNDA,MADNOOR,EKLARA BIG,4,COTTAGES,1,1,26,3,1,0
BHADRADRI KOTHAGUDEM,KOTHAGUDEM,LAXMIDEVIPALLY,TEKULAPALLY,RAMCHANDRARAO PET-TP,4,COTTAGES,2,2,199,4,1,0
BHADRADRI KOTHAGUDEM,BHADRACHALAM,MANUGURU,MANUGURU,THIRLAPURAM (M),4,COTTAGES,1,1,7,2,1,0
BHUPALAPALLY,MULUGU,MULUG,MALLAMPALLY,MALLAMPALLY,4,COTTAGES,1,1,66,2,1,0
JANGAON,JANGAON,DEVARUPPALA,DEVARUPPALA,KADAVENDI,4,COTTAGES,5,4,41,14.8,0.8,1
JAGITYAL,METPALLY,MALLAPOOR,IBRAHIMPATNAM,GODUR,4,COTTAGES,5,5,400,18.906,1,0
JAGITYAL,JAGITYAL,GOLLAPALLY,GOLLAPALLY,IBRAHIMNAGAR,4,COTTAGES,6,6,170,21,1,0
PEDDAPALLY,MANTHANI,Manthani,EKLASHAPUR,LAKKEPUR,4,COTTAGES,1,1,14,3,1,0
JAGITYAL,JAGITYAL,GOLLAPALLY,BATHIKEPALLY,ARAVELLY,4,COTTAGES,10,9,721,48.91,0.9,1
JANGAON,JANGAON,JANGAON,PADAMATI KESHAVAPUR,KONNE,4,COTTAGES,4,2,343,20,0.5,2
JAGITYAL,JAGITYAL,GOLLAPALLY,GOLLAPALLY,RAPALLY,4,COTTAGES,1,0,0,2,0,1
KARIMNAGAR,KARIMNAGAR,KARIMNAGAR TOWN 2,KRN TOWN 9,T CIRCLE,4,COTTAGES,6,6,358,31,1,0
KARIMNAGAR,HUZURABAD,JAMMIKUNTA,JAMMIKUNTA TOWN,JAMMIKUNTA,4,COTTAGES,2,0,0,1.71,0,2
NIZAMABAD,ARMOOR,ARMOOR,DEGOAN,ALOOR,4,COTTAGES,1,1,50,10,1,0
NIZAMABAD,NIZAMABAD,NIZAMABAD TOWN 3,BOURGAON,BORGAON (P),4,COTTAGES,3,1,9,8.01,0.333333333,2
JAGITYAL,JAGITYAL,MALLIAL,RAMANNAPET,RAMPOOR,4,COTTAGES,5,4,94,16.18,0.8,1
NIZAMABAD,DICHPALLY,DICHPALLY,SIRIKONDA,REKULAPALLY,4,COTTAGES,2,2,86,5,1,0
HANUMAKONDA,HANAMKONDA/RURAL,PARKAL,SHAYAMPET,PEDDA KODEPAKA,4,COTTAGES,1,1,34,2,1,0
JAGITYAL,METPALLY,MALLAPOOR,RAGHAVAPET,DHARMARAM,4,COTTAGES,5,5,843,23,1,0
KAMAREDDY,KAMAREDDY,Kamareddy Town,TADWAI,KANKAL,4,COTTAGES,1,1,89,3,1,0
PEDDAPALLY,PEDDAPALLY,PEDDAPALLY,SHANTHINAGAR,PEDDAPALLY TOWN 2,4,COTTAGES,8,7,684,32.25,0.875,1
JAGITYAL,JAGITYAL,Jagitial Rural,SARANGAPUR,ARPAPALLY,4,COTTAGES,7,6,292,24.35,0.857142857,1
WARANGAL,WARANGAL,MULUGU ROAD,DESAIPET,BALASANTHANAGAR,4,COTTAGES,3,3,153,18,1,0
NIZAMABAD,DICHPALLY,NIZAMABAD - RURAL,MUGPAL,MUGPAL,4,COTTAGES,1,1,15,3,1,0
KAMAREDDY,YELLAREDDY,YELLAREDDY,YELLAREDDY,BHIKNOOR,4,COTTAGES,3,3,114,9,1,0
NIZAMABAD,ARMOOR,ARMOOR,ARMOOR,B3 ZONE,4,COTTAGES,1,1,248,7,1,0
BHUPALAPALLY,MULUGU,MULUG,MULUGU,MULUGU,4,COTTAGES,4,3,284,13,0.75,1
PEDDAPALLY,PEDDAPALLY,PEDDAPALLY,RAGHAVAPUR,RAGHVAPOOR,4,COTTAGES,10,8,1326,48,0.8,2
NIZAMABAD,NIZAMABAD,NANDIPET,MAKLOOR,MANIKBHANDAR,4,COTTAGES,4,0,0,1.1,0,4
KHAMMAM,KHAMMAM RURAL,KUSUMANCHI,BACHODU,Mekala thanda,4,COTTAGES,1,1,66,1,1,0
PEDDAPALLY,MANTHANI,GODAVARIKHANI,GODAWVARIKHANI EAST,KALYAN NAGAR,4,COTTAGES,7,7,428,11.19,1,0
NIZAMABAD,NIZAMABAD,NANDIPET,NANDIPET,CH.KONDUR,4,COTTAGES,1,0,0,3,0,1
PEDDAPALLY,MANTHANI,RAMAGUNDAM,BASANTHNAGAR,PALAKURTHY,4,COTTAGES,1,1,25,2,1,0
JAGITYAL,JAGITYAL,GOLLAPALLY,BATHIKEPALLY,MADDULAPALLY,4,COTTAGES,5,5,77,21,1,0
KHAMMAM,KHAMMAM,KOTHALINGALA,CHEEMALAPADU,MANIKKYARAM-KAR,4,COTTAGES,2,2,6,6.26,1,0
MAHABUBABAD,THORRUR,MARIPEDA,NARASIMHULAPETA,RAMANNAGUDEM,4,COTTAGES,1,1,11,2,1,0
JAGITYAL,JAGITYAL,DHARMAPURI,NERELLA,BUGGARAM,4,COTTAGES,16,16,1024,45.24,1,0
NIZAMABAD,DICHPALLY,NIZAMABAD - RURAL,PADKAL,PUPPALAPALLY,4,COTTAGES,2,2,72,5,1,0
PEDDAPALLY,MANTHANI,Manthani,BEGAMPET,NAVABPET,4,COTTAGES,1,1,42,2,1,0
KAMAREDDY,KAMAREDDY,Kamareddy Town,KAMAREDDY(R),KYASAMPALLY,4,COTTAGES,2,1,63,7,0.5,1
WARANGAL,NARSAMPET,NARSAMPET(TOWN,GIRNIBAVI,MARRIPALLY,4,COTTAGES,2,2,132,6,1,0
NIZAMABAD,DICHPALLY,DICHPALLY,DICHPALLY,DICHPALLY - (RS),4,COTTAGES,1,1,426,5,1,0
JAGITYAL,JAGITYAL,Jagitial Rural,SARANGAPUR,LACHANAYAK THANDA,4,COTTAGES,2,1,0,5,0.5,1
JANGAON,GHANPUR,GHANPUR,GHANPUR (TOWN),THATIKONDA,4,COTTAGES,1,1,12,2,1,0
NIZAMABAD,DICHPALLY,DICHPALLY,YELLAREDDIPALLY,GOURARAM,4,COTTAGES,7,6,97,35,0.857142857,1
MAHABUBABAD,MAHABUBABAD,KORIVI,KOTHAPETA,RAMA CHANDRA PURAM-BAY,4,COTTAGES,3,2,67,6.07,0.666666667,1
KAMAREDDY,BANSWADA,BANSWADA,BANSWADA RURAL,DESAIPET,4,COTTAGES,2,2,548,9,1,0
NIZAMABAD,NIZAMABAD,NIZAMABAD TOWN 3,NAGARAM,M2,4,COTTAGES,12,7,870,48.32,0.583333333,5
HANUMAKONDA,HANAMKONDA/TOWN,NAYEEMNAGAR,NAIMNAGAR,NAIMNAGAR,4,COTTAGES,2,2,323,11.5,1,0
NIZAMABAD,BODHAN,YEDPALLY,BODHAN RURAL,ERAJPALLY,4,COTTAGES,1,0,0,0,0,1
KARIMNAGAR,KARIMNAGAR RURAL,ALUGUNOOR,MANAKONDUR,OOTUR,4,COTTAGES,1,1,14,1,1,0
BHADRADRI KOTHAGUDEM,PALONCHA,ASWARAOPETA,ASWARAOPET,ASWARAOPETA,4,COTTAGES,11,9,339,19,0.818181818,2
KHAMMAM,SATHUPALLY,THALLADA,KURNAVALLY,MALSOOR THANDA,4,COTTAGES,1,0,0,3,0,1
HANUMAKONDA,HANAMKONDA/RURAL,HASANPARTHY,CHINTHAGATTU (TOWN),DEVENAPET,4,COTTAGES,2,2,806,5.75,1,0
JAGITYAL,METPALLY,KORUTLA,KORUTLA RURAL,GUMULAPUR,4,COTTAGES,1,1,166,5,1,0
NIZAMABAD,DICHPALLY,NIZAMABAD - RURAL,JAKRANPALLY,BRAHMANPALLY,4,COTTAGES,1,1,0,2,1,0
KAMAREDDY,BANSWADA,PITLAM,PITLAM,GODMEGAON,4,COTTAGES,1,1,9,4,1,0
KHAMMAM,KHAMMAM,PEDDA GOPATHI,CHINTHAKANI,PRODDUTURU,4,COTTAGES,1,1,2,1.2,1,0
PEDDAPALLY,PEDDAPALLY,SULTHANABAD,ELIGAID,SHIVAPALLY    ,4,COTTAGES,1,0,0,4,0,1
WARANGAL,RURAL WARANGAL,PARVATHAGIRI,ENUGALLU,ENUGALLU,4,COTTAGES,2,2,134,7,1,0
KARIMNAGAR,KARIMNAGAR,Karimnagar Rural,KNR WEST,ELGANDAL,4,COTTAGES,3,0,0,4.2,0,3
ADILABAD,ADILABAD,ADILABAD TOWN,ADILABAD - RURAL,LAANDSANGVI,4,COTTAGES,3,0,0,9,0,3
WARANGAL,NARSAMPET,NARSAMPET(TOWN,NALLABELLY,NALLABELLY(H.Q),4,COTTAGES,4,4,82,14,1,0
PEDDAPALLY,MANTHANI,Manthani,KAMANPUR,JULAPALLY (A),4,COTTAGES,3,2,23,80,0.666666667,1
JANGAON,GHANPUR,GHANPUR,ZAFARGADH,THEEGRAM,4,COTTAGES,2,2,25,4.67,1,0
PEDDAPALLY,PEDDAPALLY,SULTHANABAD,ELIGAID,LALAPALLY H/O ELIGAID  (REC)  ,4,COTTAGES,2,2,654,7,1,0
KHAMMAM,SATHUPALLY,THALLADA,KURNAVALLY,RANGAM BANZARA,4,COTTAGES,1,0,0,0.617,0,1
NIZAMABAD,NIZAMABAD,NANDIPET,NANDIPET,KHUDAVANPOOR,4,COTTAGES,1,1,1,4.948,1,0
NIZAMABAD,NIZAMABAD,NAVIPET,JANNEPALLY,ASHA JYOTHI COLONY,4,COTTAGES,1,1,127,3,1,0
JAGITYAL,METPALLY,METPALLY,METPALLY RURAL,JAGGASAGAR,4,COTTAGES,2,2,138,8,1,0
JANGAON,GHANPUR,GHANPUR,RAJAVARAM,MALKAPUR,4,COTTAGES,3,3,486,6.33,1,0
HANUMAKONDA,HANAMKONDA/RURAL,HANAMKONDA(R),PANTHINI,PUNNEL,4,COTTAGES,1,0,0,3,0,1
NIZAMABAD,BODHAN,RUDRUR,KOTAGIRI,SUDLAM,4,COTTAGES,1,1,17,4,1,0
WARANGAL,NARSAMPET,NARSAMPET(TOWN,DUGGONDI,MUDDUNUR,4,COTTAGES,2,2,194,7.5,1,0
KARIMNAGAR,HUZURABAD,JAMMIKUNTA,JAMMIKUNTA RURAL,JAGGAIAHPALLY (JKT),4,COTTAGES,3,2,421,8.5,0.666666667,1
JAGITYAL,JAGITYAL,MALLIAL,MALLIAL,LAMBADIPALLY,4,COTTAGES,2,1,6,4,0.5,1
HANUMAKONDA,HANAMKONDA/RURAL,PARKAL,PARKAL-TOWN,NAGARAM,4,COTTAGES,1,1,12,4,1,0
ADILABAD,UTNOOR,UTNOOR,UTNOOR,LAKKARAM,4,COTTAGES,1,1,101,3,1,0
NIZAMABAD,DICHPALLY,DICHPALLY,DHARPALLY,DUBBAK,4,COTTAGES,1,1,40,5,1,0
MAHABUBABAD,MAHABUBABAD,KESAMUDRAM,INGURTHY,THADLAPUSAPALLI,4,COTTAGES,2,2,25,5,1,0
PEDDAPALLY,MANTHANI,GODAVARIKHANI,GODAWVARIKHANI WEST,RAMNAGAR,4,COTTAGES,12,9,638,10.72,0.75,3
JAGITYAL,JAGITYAL,DHARMAPURI,DHARMAPURI,DHAMMANAPETA,4,COTTAGES,6,6,1888,29,1,0
JAGITYAL,JAGITYAL,MALLIAL,RAMANNAPET,RAMANNAPET,4,COTTAGES,5,5,37,11,1,0
JAGITYAL,JAGITYAL,Jagitial Town,POLASA,PERKAPALLY,4,COTTAGES,2,2,16,8,1,0
JANGAON,JANGAON,JANGAON,BACHANNAPET,NARAYANPUR,4,COTTAGES,2,1,20,6,0.5,1
WARANGAL,NARSAMPET,NARSAMPET(R),KHANAPUR,MANUBOTHULAGADDA,4,COTTAGES,1,1,0,3,1,0
BHUPALAPALLY,BHUPALAPALLY,BHOOPALPALLY,BHOOPALPALLY RURAL,GURRAMPET,4,COTTAGES,1,0,0,5,0,1
ADILABAD,ADILABAD,ADILABAD RURAL,TAMSI,KHAPPARLA,4,COTTAGES,1,0,0,3,0,1
HANUMAKONDA,HANAMKONDA/RURAL,KAMALAPUR,KAMALAPUR,SHANIGARAM,4,COTTAGES,8,8,423,43,1,0
JAGITYAL,JAGITYAL,DHARMAPURI,VELGATOOR,MUTHNOOR      (REC)           ,4,COTTAGES,2,2,8,6,1,0
NIZAMABAD,ARMOOR,MORTHAD,YERGATLA,THIMMAPOOR,4,COTTAGES,1,1,39,2.66,1,0
KHAMMAM,WYRA,MADHIRA,MADHIRA,JILUGUMADU,4,COTTAGES,3,0,0,3.17,0,3
KHAMMAM,SATHUPALLY,THALLADA,THALLADA,VENGANNAPET,4,COTTAGES,3,3,68,10.03,1,0
KAMAREDDY,BANSWADA,PITLAM,NIZAMSAGAR,NIZAMSAGAR,4,COTTAGES,2,1,10,7,0.5,1
NIZAMABAD,ARMOOR,PERKIT,BALAKONDA,KISSANNAGAR,4,COTTAGES,3,2,77,7,0.666666667,1
MAHABUBABAD,MAHABUBABAD,MAHABUBABAD(T),MAHABUBABAD (RURAL),NADIWADA,4,COTTAGES,1,1,21,3,1,0
WARANGAL,WARANGAL,WARANGAL,GORREKUNTA,GORREKUNTA,4,COTTAGES,2,2,178,6,1,0
BHUPALAPALLY,BHUPALAPALLY,KATARAM,KOYYUR,THADICHERLA,4,COTTAGES,5,5,117,12,1,0
JAGITYAL,METPALLY,MALLAPOOR,MALLAPOOR,OBLAPOOR,4,COTTAGES,4,4,74,12,1,0
JAGITYAL,JAGITYAL,Jagitial Rural,VADDELINGAPUR,CHERLAKONDAPUR,4,COTTAGES,2,2,50,5,1,0
KAMAREDDY,BANSWADA,BANSWADA,BIRKUR,TIMMAPUR,4,COTTAGES,4,3,28,14,0.75,1
ASIFABAD,ASIFABAD,ASIFABAD RURAL,THIRYANI,MANIKYAPUR,4,COTTAGES,3,3,75,15,1,0
BHUPALAPALLY,BHUPALAPALLY,KATARAM,KATARAM,CHINDNEPALLY,4,COTTAGES,1,1,80,3,1,0
KAMAREDDY,YELLAREDDY,YELLAREDDY,NAGIREDDIPET,JALALPUR,4,COTTAGES,1,1,0,5,1,0
JANGAON,JANGAON,DEVARUPPALA,LINGALA GHANPUR,JEEDIKAL,4,COTTAGES,1,1,6,2,1,0
JAGITYAL,JAGITYAL,MALLIAL,RAMANNAPET,KONDAGATTU,4,COTTAGES,2,1,142,6,0.5,1
JANGAON,JANGAON,DEVARUPPALA,SINGARAJPALLE,KOLKONDA,4,COTTAGES,3,3,333,11,1,0
BHUPALAPALLY,BHUPALAPALLY,BHOOPALPALLY,BHOOPALPALLY,MANZOORNAGAR,4,COTTAGES,1,1,66,8,1,0
BHUPALAPALLY,BHUPALAPALLY,KATARAM,MAHAMUTHARAM,MEENAJIPET,4,COTTAGES,5,5,56,17,1,0
KHAMMAM,KHAMMAM,RAGUNADAPALEM,BALLEPALLY,DANAVAIGUDEM,4,COTTAGES,6,5,1090,23,0.833333333,1
WARANGAL,RURAL WARANGAL,WARDHANNAPET,WARDHANNAPET,KATRIAL,4,COTTAGES,2,2,5,10,1,0
JAGITYAL,METPALLY,KORUTLA RURAL,AMBARIPET,AMBARIPET,4,COTTAGES,3,3,193,15,1,0
PEDDAPALLY,MANTHANI,Manthani,BEGAMPET,PEDDAMPET,4,COTTAGES,1,0,0,1,0,1
KHAMMAM,WYRA,MADHIRA,YERRUPALEM,PEGALLAPADU,4,COTTAGES,1,0,0,5,0,1
PEDDAPALLY,PEDDAPALLY,SULTHANABAD,KATENPALLY,NEERUKULLA    ,4,COTTAGES,9,2,381,19,0.222222222,7
JAGITYAL,METPALLY,KORUTLA RURAL,MEDIPALLY,KALWAKOTA,4,COTTAGES,2,2,190,10,1,0
KAMAREDDY,YELLAREDDY,YELLAREDDY,NAGIREDDIPET,NAGIREDDIPET,4,COTTAGES,2,2,0,5.046,1,0
BHADRADRI KOTHAGUDEM,KOTHAGUDEM,KOTHAGUDEM RURAL,JULLURUPADU,JULOOR PAD,4,COTTAGES,1,1,29,3,1,0
WARANGAL,WARANGAL,WARANGAL,STATION ROAD,RAMOLLAWADA,4,COTTAGES,1,1,0,5,1,0
KHAMMAM,KHAMMAM,KHAMMAM TOWN 2,KHAMMAM TOWN-4,ZONE (17) KHAMMAM,4,COTTAGES,43,35,2088,219.32,0.813953488,8
NIZAMABAD,DICHPALLY,NIZAMABAD - RURAL,NIZAMABAD(RURAL),MALKAPUR - (M) T,4,COTTAGES,2,2,19,5.67,1,0
KAMAREDDY,BANSWADA,PITLAM,PEDDA KONDAPGAL,ALLAPUR,4,COTTAGES,1,1,24,2,1,0
BHADRADRI KOTHAGUDEM,PALONCHA,PALVANCHA,PALVONCHA RURAL,PUNUKULA,4,COTTAGES,3,3,103,8,1,0
KARIMNAGAR,KARIMNAGAR RURAL,NUSTHULAPUR,NUTSULAPOOR,RENIKUNTA,4,COTTAGES,2,2,80,8,1,0
KARIMNAGAR,HUZURABAD,JAMMIKUNTA,CHALLUR,DESAI PALLY,4,COTTAGES,1,1,37,5,1,0
KARIMNAGAR,HUZURABAD,HUZURABAD,HUZURABAD RURAL,SHALAPALLI INDIRANAGAR,4,COTTAGES,1,1,0,1,1,0
HANUMAKONDA,HANAMKONDA/RURAL,BD Pally,KOTHAKONDA,KOTHAKONDA,4,COTTAGES,4,4,146,12.32,1,0
BHUPALAPALLY,BHUPALAPALLY,KATARAM,MAHAMUTHARAM,YAMANPALLY,4,COTTAGES,1,1,4,3,1,0
HANUMAKONDA,HANAMKONDA/RURAL,HANAMKONDA(R),DHARMASAGAR,REPAKAPALLE,4,COTTAGES,1,1,198,2.25,1,0
KARIMNAGAR,HUZURABAD,HUZURABAD,TADIKAL,TADIKAL,4,COTTAGES,2,2,56,14,1,0
MAHABUBABAD,THORRUR,NELLIKUDURU,MUNAGALAVEEDU,MADANTHURTHY,4,COTTAGES,2,2,10,10,1,0
WARANGAL,RURAL WARANGAL,KAPULAKANAPARTHY,KAPULAKANAPARTHY,RAMACHANDRAPUR,4,COTTAGES,1,1,17,3,1,0
BHUPALAPALLY,BHUPALAPALLY,BHOOPALPALLY,BHOOPALPALLY RURAL,AZAMNAGAR,4,COTTAGES,18,10,57,64,0.555555556,8
KHAMMAM,SATHUPALLY,PENUBALLY,PENUBALLY,PENUBALLY,4,COTTAGES,2,1,31,1.563,0.5,1
BHUPALAPALLY,BHUPALAPALLY,BHOOPALPALLY,GHANPUR (MULUG),GOLLAPALLY(DPET),4,COTTAGES,1,1,17,6.3,1,0
JAGITYAL,JAGITYAL,Jagitial Town,POLASA,ZABITHAPOOR,4,COTTAGES,8,8,253,15.78,1,0
PEDDAPALLY,MANTHANI,Manthani,MANTHANI TOWN,GUNJAPADUGU,4,COTTAGES,7,1,64,240.75,0.142857143,6
MAHABUBABAD,THORRUR,MARIPEDA,YELLAMPET,RAMPUR,4,COTTAGES,1,1,1,3,1,0
PEDDAPALLY,MANTHANI,Manthani,MUTHARAM,ADIVISREERAMPOOR,4,COTTAGES,6,6,25,21,1,0
MAHABUBABAD,MAHABUBABAD,KORIVI,KORIVI,GUNDRATHI MADUGU,4,COTTAGES,1,1,85,3,1,0
KARIMNAGAR,KARIMNAGAR RURAL,Gangadhara,ACHAMPALLY,ACHAMPALLY,4,COTTAGES,1,1,0,5,1,0
HANUMAKONDA,HANAMKONDA/RURAL,HANAMKONDA(R),INAVOL,VENKATAPUR,4,COTTAGES,3,2,263,10.26,0.666666667,1
BHUPALAPALLY,BHUPALAPALLY,KATARAM,PALIMELA,SARVAIPETA,4,COTTAGES,3,3,3,12,1,0
JAGITYAL,JAGITYAL,DHARMAPURI,NERELLA,KAMALAPOOR,4,COTTAGES,1,1,93,3,1,0
MAHABUBABAD,THORRUR,NELLIKUDURU,DANTHALAPALLY,VEMULAPALLI,4,COTTAGES,2,2,20,5,1,0
NIZAMABAD,DICHPALLY,DICHPALLY,YELLAREDDIPALLY,NALLAVALLY,4,COTTAGES,2,2,25,5.37,1,0
BHADRADRI KOTHAGUDEM,KOTHAGUDEM,LAXMIDEVIPALLY,BOMMANAPALLY,SULA NAGAR-TP,4,COTTAGES,2,2,68,6,1,0
NIZAMABAD,ARMOOR,PERKIT,PERKIT,GOVINDPET,4,COTTAGES,5,5,366,8.707,1,0
KHAMMAM,KHAMMAM,PEDDA GOPATHI,CHINTHAKANI,RAMAKRISHNAPURAM,4,COTTAGES,6,3,241,20.98,0.5,3
HANUMAKONDA,HANAMKONDA/TOWN,KAZIPET,WADDEPALLY,PARIMALA COLONY,4,COTTAGES,4,3,251,16.5,0.75,1
MAHABUBABAD,MAHABUBABAD,MAHABUBABAD(T),MAHABUBABAD (RURAL),SINGARAM,4,COTTAGES,1,1,27,9.57,1,0
HANUMAKONDA,HANAMKONDA/RURAL,BD Pally,NARAYANAGIRI,MALLIKUDURLA,4,COTTAGES,2,2,43,3.65,1,0
NIZAMABAD,DICHPALLY,DICHPALLY,YELLAREDDIPALLY,DONKAL,4,COTTAGES,2,2,144,6,1,0
WARANGAL,WARANGAL,MULUGU ROAD,POCHAMMA MAIDAN,KOTHAWADA-II,4,COTTAGES,3,3,311,8.19,1,0
JAGITYAL,JAGITYAL,Jagitial Rural,VADDELINGAPUR,ODDELINGAPOOR,4,COTTAGES,5,5,244,15,1,0
KAMAREDDY,BANSWADA,PITLAM,PEDDA KONDAPGAL,POCHARAM,4,COTTAGES,1,1,71,3,1,0
JAGITYAL,JAGITYAL,MALLIAL,PUDUR,CHEPPIAL,4,COTTAGES,6,4,147,15,0.666666667,2
KAMAREDDY,BANSWADA,BANSWADA,BANSWADA RURAL,MOGLAMPALLY,4,COTTAGES,1,1,8,1.5,1,0
KHAMMAM,KHAMMAM,PEDDA GOPATHI,CHINTHAKANI,LATCHAGUDEM,4,COTTAGES,1,1,52,0.48,1,0
KARIMNAGAR,KARIMNAGAR RURAL,NUSTHULAPUR,INDURTHI,SUNDARAGIRI,4,COTTAGES,3,3,36,15,1,0
WARANGAL,WARANGAL,SHAMBUNIPET,SHAMBUNIPET,SHAMBHUNIPET,4,COTTAGES,6,5,189,39.31,0.833333333,1
MAHABUBABAD,MAHABUBABAD,KORIVI,DORNAKAL,MULKALAPALLI,4,COTTAGES,2,2,19,8.25,1,0
MAHABUBABAD,MAHABUBABAD,KORIVI,KOTHAPETA,PEDA TALLA GADDA-BAY,4,COTTAGES,2,2,35,8.1,1,0
NIZAMABAD,DICHPALLY,DICHPALLY,SIRIKONDA,RAVUTLA,4,COTTAGES,4,4,487,14.282,1,0
KHAMMAM,KHAMMAM,KOTHALINGALA,CHEEMALAPADU,KOMMU GUDEM-KAR,4,COTTAGES,1,1,1124,3,1,0
KHAMMAM,KHAMMAM RURAL,MUDIGONDA,MUDIGONDA,MUDIGONDA,4,COTTAGES,5,3,350,14.45,0.6,2
JAGITYAL,METPALLY,KORUTLA,KORUTLA RURAL,MOHANRAOPET,4,COTTAGES,1,1,100,8,1,0
KHAMMAM,SATHUPALLY,THALLADA,ENKOOR,JANNARAM-EK,4,COTTAGES,1,1,48,0.28,1,0
NIZAMABAD,DICHPALLY,NIZAMABAD - RURAL,MUGPAL,KULASPUR,4,COTTAGES,2,2,30,5,1,0
PEDDAPALLY,MANTHANI,Manthani,MUTHARAM,POTHARAM,4,COTTAGES,1,1,30,4,1,0
HANUMAKONDA,HANAMKONDA/RURAL,BD Pally,KOTHAKONDA,GATLANARSINGAPUR,4,COTTAGES,4,1,22,6.15,0.25,3
KHAMMAM,KHAMMAM RURAL,MUDIGONDA,MUDIGONDA,K VENKATAPURAM,4,COTTAGES,2,2,196,10,1,0
MAHABUBABAD,MAHABUBABAD,KORIVI,GARLA,RAMA PURAM-GAR,4,COTTAGES,2,2,0,4.5,1,0
KAMAREDDY,KAMAREDDY,Kamareddy Town,KAMAREDDY TOWN-II,A2,4,COTTAGES,3,3,361,18.03,1,0
JAGITYAL,JAGITYAL,GOLLAPALLY,BATHIKEPALLY,NANCHERLA,4,COTTAGES,3,1,16,8,0.333333333,2
BHUPALAPALLY,MULUGU,MULUG,LAXMIDEVPET,VENKATAPOOR,4,COTTAGES,1,1,0,5,1,0
KARIMNAGAR,HUZURABAD,JAMMIKUNTA,JAMMIKUNTA RURALWEST,SEETAMPET (BUJUNOOR),4,COTTAGES,2,2,93,5,1,0
KARIMNAGAR,KARIMNAGAR,Karimnagar Rural,KNR EAST,NAGUNOOR,4,COTTAGES,4,4,336,18.56,1,0
WARANGAL,RURAL WARANGAL,PARVATHAGIRI,ENUGALLU,ANANTHARAM,4,COTTAGES,5,4,635,17,0.8,1
KHAMMAM,KHAMMAM,KHAMMAM(T),KHAMMAM TOWN-2,ZONE (12) KHAMMAM,4,COTTAGES,1,1,76,5,1,0
KHAMMAM,WYRA,WYRA,BONAKAL,CHIRUNOMULA,4,COTTAGES,1,1,50,5,1,0
NIZAMABAD,BODHAN,RUDRUR,POTHANGAL,SUNKINI,4,COTTAGES,2,2,44,6,1,0
JAGITYAL,JAGITYAL,DHARMAPURI,NERELLA,BEERSANI,4,COTTAGES,2,1,81,10,0.5,1
KARIMNAGAR,KARIMNAGAR,KARIMNAGAR TOWN 2,KRN TOWN 4,BUS STAND  ,4,COTTAGES,3,0,0,5.99,0,3
NIZAMABAD,ARMOOR,MORTHAD,BASHEERABAD,CHOUTPALLY,4,COTTAGES,8,8,591,43.328,1,0
KARIMNAGAR,HUZURABAD,JAMMIKUNTA,JAMMIKUNTA RURAL,RAMANNAPALLY,4,COTTAGES,1,1,26,5,1,0
KAMAREDDY,KAMAREDDY,DOMAKONDA,BIBIPET,TUJALPOOR,4,COTTAGES,1,1,30,4.36,1,0
KHAMMAM,SATHUPALLY,THALLADA,ENKOOR,ENKOOR,4,COTTAGES,2,2,20,14.91,1,0
HANUMAKONDA,HANAMKONDA/RURAL,HASANPARTHY,HASANPARTHY,SEETHAMPET,4,COTTAGES,1,1,109,5,1,0
BHADRADRI KOTHAGUDEM,KOTHAGUDEM,YELLANDU,YLD RURAL,KATTU GUDEM-YR,4,COTTAGES,1,1,84,2,1,0
JANGAON,GHANPUR,PALAKURTHY,PALAKURTHY RURAL,HARIJANACOLONY,4,COTTAGES,2,2,54,4.24,1,0
BHADRADRI KOTHAGUDEM,PALONCHA,PALVANCHA,PALVONCHA TOWN-2,PALONCHA,4,COTTAGES,36,33,4420,113.15,0.916666667,3
BHADRADRI KOTHAGUDEM,KOTHAGUDEM,KOTHAGUDEM,KOTHAGUDEM - SOUTH,A P H BASTI-BS,4,COTTAGES,1,1,100,4,1,0
KAMAREDDY,KAMAREDDY,DOMAKONDA,DOMAKONDA,AMBARIPET,4,COTTAGES,5,5,183,17,1,0
WARANGAL,NARSAMPET,NEKKONDA,NEKKONDA,PANIKARA,4,COTTAGES,1,1,15,2,1,0
MAHABUBABAD,MAHABUBABAD,MAHABUBABAD(T),MAHABUBABAD (TOWN),YELLAND ROAD,4,COTTAGES,1,1,106,3,1,0
BHUPALAPALLY,BHUPALAPALLY,KATARAM,KOYYUR,PEDDA THUNDLA,4,COTTAGES,4,4,90,8,1,0
KHAMMAM,KHAMMAM RURAL,YEDULAPURAM,PALLEGUDEM,POLEPALLI,4,COTTAGES,2,0,0,10,0,2
MAHABUBABAD,MAHABUBABAD,MAHABUBABAD(T),MAHABUBABAD TOWN2,KANKARA BOARD,4,COTTAGES,4,4,231,20,1,0
NIZAMABAD,DICHPALLY,NIZAMABAD - RURAL,BARDHIPOOR,DHARMARAM - (B),4,COTTAGES,1,1,5,5,1,0
KARIMNAGAR,KARIMNAGAR RURAL,NUSTHULAPUR,GANNERUVARAM,HANMASPALLY,4,COTTAGES,7,2,340,23,0.285714286,5
KARIMNAGAR,HUZURABAD,HUZURABAD,HUZURABAD RURAL,THUMMANAPALLY,4,COTTAGES,22,21,1287,21.36,0.954545455,1
JAGITYAL,JAGITYAL,Jagitial Rural,SARANGAPUR,BATTAPALLY,4,COTTAGES,2,2,98,6,1,0
KARIMNAGAR,HUZURABAD,HUZURABAD,PEDDAPAPAIAHPALLY,KANDUGULA,4,COTTAGES,3,3,318,6,1,0
KHAMMAM,KHAMMAM RURAL,MUDIGONDA,PAMMY,VALLAPURAM,4,COTTAGES,1,1,15,2,1,0
NIZAMABAD,BODHAN,YEDPALLY,YEDPALLY,YEDPALLY,4,COTTAGES,3,3,115,15,1,0
BHADRADRI KOTHAGUDEM,BHADRACHALAM,MANUGURU,PINAPAKA,PINAPAKA <P>,4,COTTAGES,1,1,27,2,1,0
PEDDAPALLY,MANTHANI,Manthani,BEGAMPET,SINGAREDDIPALLY,4,COTTAGES,3,0,0,1,0,3
KARIMNAGAR,HUZURABAD,JAMMIKUNTA,CHALLUR,BONTUPALLY,4,COTTAGES,3,3,128,12,1,0
HANUMAKONDA,HANAMKONDA/TOWN,HANAMKONDA(T),NAKKALAGUTTA,NAKKALAGUTTA,4,COTTAGES,1,0,0,1,0,1
PEDDAPALLY,MANTHANI,Manthani,BEGAMPET,ADIVARAMPET,4,COTTAGES,3,3,63,8,1,0
KAMAREDDY,KAMAREDDY,Kamareddy Rural,VELPUGONDA,POTHARAM,4,COTTAGES,1,1,106,2,1,0
WARANGAL,NARSAMPET,NARSAMPET(TOWN,GIRNIBAVI,CHAPALABANDA,4,COTTAGES,1,0,0,2,0,1
NIZAMABAD,DICHPALLY,NIZAMABAD - RURAL,MUGPAL,KANJAR,4,COTTAGES,1,0,0,2,0,1
NIZAMABAD,DICHPALLY,NIZAMABAD - RURAL,NIZAMABAD(RURAL),TIRMANPALLY - (P),4,COTTAGES,2,0,0,1.48,0,2
JAGITYAL,METPALLY,MALLAPOOR,MALLAPOOR,DHAMRAJPALLY (NEW),4,COTTAGES,1,1,16,4,1,0
WARANGAL,NARSAMPET,NARSAMPET(TOWN,DUGGONDI,BANDAMPALLY,4,COTTAGES,1,1,55,3,1,0
BHADRADRI KOTHAGUDEM,PALONCHA,PALVANCHA,PALVONCHA RURAL,KESHAVAPURAM,4,COTTAGES,1,0,0,2,0,1
KARIMNAGAR,KARIMNAGAR,Karimnagar Rural,BOMMAKAL,BOMMAKAL,4,COTTAGES,14,5,301,33.95,0.357142857,9
KHAMMAM,SATHUPALLY,THALLADA,ENKOOR,NOOKALAM PADU-EK,4,COTTAGES,1,1,90,0.24,1,0
JAGITYAL,JAGITYAL,GOLLAPALLY,CHILAVAKODOOR,VENUGUMATLA,4,COTTAGES,3,3,233,10,1,0
BHADRADRI KOTHAGUDEM,BHADRACHALAM,MANUGURU,MANUGURU,SAMBAIHGUDEM,4,COTTAGES,1,1,103,3,1,0
WARANGAL,RURAL WARANGAL,KAPULAKANAPARTHY,KAPULAKANAPARTHY,KATREPALLI,4,COTTAGES,1,1,3,4,1,0
NIZAMABAD,BODHAN,RUDRUR,VARNI,VADDAPALLY,4,COTTAGES,2,2,218,10,1,0
JAGITYAL,METPALLY,MALLAPOOR,MALLAPOOR,VEMPALLY VENKATRAOPE,4,COTTAGES,4,4,46,17,1,0
KHAMMAM,KHAMMAM,RAGUNADAPALEM,RAGUNADAPALEM,CHINTAGURTHI,4,COTTAGES,2,1,88,2.16,0.5,1
KARIMNAGAR,HUZURABAD,JAMMIKUNTA,JAMMIKUNTA RURAL,DHARMARAM (A),4,COTTAGES,19,2,33,1282.28,0.105263158,17
JAGITYAL,JAGITYAL,Jagitial Town,POLASA,BALAPALLY,4,COTTAGES,9,9,3432,41.71,1,0
NIZAMABAD,ARMOOR,BHEEMGAL,BHEEMGAL (T),BHEEMGAL,4,COTTAGES,11,10,1363,41.65,0.909090909,1
PEDDAPALLY,MANTHANI,Manthani,MANTHANI TOWN,VILOCHAVARAM,4,COTTAGES,1,1,60,3,1,0
MAHABUBABAD,MAHABUBABAD,GUDUR,KOTHAGUDA,EDULLAPALLY,4,COTTAGES,1,1,23,3,1,0
KARIMNAGAR,KARIMNAGAR RURAL,Gangadhara,GUNDI,DESHARAJPALLY,4,COTTAGES,45,25,2699,103.4,0.555555556,20
JAGITYAL,JAGITYAL,Jagitial Town,POLASA,KANDLAPALLY,4,COTTAGES,3,3,389,14,1,0
KHAMMAM,KHAMMAM RURAL,KUSUMANCHI,RAJESHWARAPURAM,BODULABANDA,4,COTTAGES,1,1,33,4,1,0
HANUMAKONDA,HANAMKONDA/RURAL,PARKAL,PARKAL-TOWN,OLD POSTMARTAN,4,COTTAGES,1,1,0,4,1,0
ASIFABAD,SIRPUR KAGAZNAGAR,KAGAZNAGAR,KAGAZNAGAR TOWN,SIRPOOR KAGAZNAGAR,4,COTTAGES,1,1,128,1,1,0
KARIMNAGAR,KARIMNAGAR,Karimnagar Town,KRN TOWN 3,MEHER NAGAR,4,COTTAGES,1,1,69,5,1,0
KARIMNAGAR,HUZURABAD,JAMMIKUNTA,VEENAVANKA,VALLABHAPOOR,4,COTTAGES,1,1,0,1,1,0
WARANGAL,NARSAMPET,NEKKONDA,CHENNARAOPET,AMEENABAD,4,COTTAGES,1,1,50,8,1,0
JAGITYAL,JAGITYAL,DHARMAPURI,DHARMAPURI,RAJAVARAM,4,COTTAGES,1,1,12,5,1,0
KHAMMAM,SATHUPALLY,PENUBALLY,PENUBALLY,KUPPENA KUNTLA,4,COTTAGES,2,0,0,6,0,2
MAHABUBABAD,MAHABUBABAD,GUDUR,AYODHYAPURAM,MADANAPUR,4,COTTAGES,1,1,60,3,1,0
MAHABUBABAD,THORRUR,MARIPEDA,MARIPEDA,DHARMARAM,4,COTTAGES,1,1,11,3,1,0
NIZAMABAD,DICHPALLY,NIZAMABAD - RURAL,PADKAL,KOLIPAC,4,COTTAGES,2,2,68,3,1,0
BHUPALAPALLY,BHUPALAPALLY,BHOOPALPALLY,GHANPUR (MULUG),NAGARAMPALLY(D.PET),4,COTTAGES,1,1,7,3,1,0
NIZAMABAD,ARMOOR,PERKIT,MUPKAL,VENCHIRIYAL,4,COTTAGES,4,3,198,20,0.75,1
PEDDAPALLY,PEDDAPALLY,SULTHANABAD,KANKULA,THOGGARAI     ,4,COTTAGES,2,2,273,6,1,0
HANUMAKONDA,HANAMKONDA/TOWN,KAZIPET,KADIPIKONDA,THARALAPALLY,4,COTTAGES,3,3,801,13,1,0
KHAMMAM,KHAMMAM,PEDDA GOPATHI,KONIJERLA,SALEBANZARA,4,COTTAGES,1,1,28,2,1,0
MAHABUBABAD,MAHABUBABAD,KORIVI,DORNAKAL,ANDANALAPADU,4,COTTAGES,1,1,50,3,1,0
PEDDAPALLY,MANTHANI,Manthani,BEGAMPET,JALLARAM,4,COTTAGES,3,1,18,7,0.333333333,2
BHADRADRI KOTHAGUDEM,BHADRACHALAM,BHADRACHALAM,BCM-TOWN,BHADRACHALAM,4,COTTAGES,12,10,732,28.55,0.833333333,2
JAGITYAL,JAGITYAL,Jagitial Town,JAGTIAL TOWN I,JAGITYAL-I,4,COTTAGES,31,30,1669,128.93,0.967741935,1
WARANGAL,NARSAMPET,NARSAMPET(TOWN,NALLABELLY,RUDRAGUDEM,4,COTTAGES,1,1,1,3,1,0
KAMAREDDY,BANSWADA,BANSWADA,BANSWADA RURAL,BORLAM,4,COTTAGES,1,1,3,3,1,0
KAMAREDDY,KAMAREDDY,Kamareddy Rural,S S NAGAR,PADMAJIWADI,4,COTTAGES,2,2,201,9,1,0
KHAMMAM,KHAMMAM,PEDDA GOPATHI,PEDDA GOPATHI,REDDY GUDEM,4,COTTAGES,1,1,0,0.24,1,0
NIZAMABAD,ARMOOR,BHEEMGAL,VELPUR,VELPUR,4,COTTAGES,6,5,173,27.41,0.833333333,1
WARANGAL,WARANGAL,MULUGU ROAD,MATWADA,D SWAMY TEMPLE,4,COTTAGES,45,44,4850,108.32,0.977777778,1
KAMAREDDY,BANSWADA,BICHKUNDA,BICHKUNDA,SIRSAMUDER,4,COTTAGES,1,0,0,2,0,1
BHUPALAPALLY,BHUPALAPALLY,KATARAM,MAHADEVPUR,BEGLOOR,4,COTTAGES,1,1,13,2,1,0
MAHABUBABAD,MAHABUBABAD,KESAMUDRAM,KESAMUDRAM,AMEENAPUR,4,COTTAGES,2,2,94,2,1,0
BHUPALAPALLY,BHUPALAPALLY,KATARAM,KATARAM,MAIDIPALLY,4,COTTAGES,1,1,7,3,1,0
WARANGAL,NARSAMPET,NARSAMPET(TOWN,NALLABELLY,MEDAPALLY,4,COTTAGES,2,2,110,9.6,1,0
HANUMAKONDA,HANAMKONDA/RURAL,PARKAL,ATMAKUR,ATHMAKUR   (H),4,COTTAGES,1,1,25,2,1,0
NIZAMABAD,BODHAN,BODHAN,BODHAN TOWN-II,HUNSA,4,COTTAGES,1,1,14,3,1,0
NIZAMABAD,ARMOOR,PERKIT,MENDORA,SAVEL,4,COTTAGES,2,1,5,6,0.5,1
KARIMNAGAR,KARIMNAGAR RURAL,ALUGUNOOR,CHENJARLA,CHENJERLA,4,COTTAGES,3,1,13,5,0.333333333,2
JAGITYAL,JAGITYAL,MALLIAL,PUDUR,SREE RAMULAPALLY,4,COTTAGES,3,3,34,22,1,0
NIZAMABAD,BODHAN,RUDRUR,POTHANGAL,TAKLI,4,COTTAGES,1,1,45,3,1,0
KARIMNAGAR,HUZURABAD,JAMMIKUNTA,JAMMIKUNTA RURALWEST,LAKMAJIPALLY,4,COTTAGES,6,0,0,4.34,0,6
WARANGAL,NARSAMPET,NARSAMPET(TOWN,NARSAMPET(TOWN),A1-NARSAMPET TOWN,4,COTTAGES,2,2,35,6,1,0
JANGAON,JANGAON,JANGAON,JANGAON (R),WADLAKONDA,4,COTTAGES,2,1,27,3,0.5,1
JAGITYAL,METPALLY,MALLAPOOR,IBRAHIMPATNAM,IBRAHIMPATNAM,4,COTTAGES,5,5,936,20,1,0
KHAMMAM,SATHUPALLY,PENUBALLY,KALLURU,G.D.BOINAPALLY,4,COTTAGES,1,0,0,0.68,0,1
MAHABUBABAD,THORRUR,NELLIKUDURU,MUNAGALAVEEDU,RAJULAKOTHAPALLI,4,COTTAGES,2,2,35,4,1,0
BHADRADRI KOTHAGUDEM,KOTHAGUDEM,YELLANDU,YLD RURAL,C ODDUGUDEM-YR,4,COTTAGES,1,0,0,3,0,1
JAGITYAL,METPALLY,KORUTLA RURAL,MEDIPALLY,MACHAPUR,4,COTTAGES,3,3,542,15,1,0
KHAMMAM,KHAMMAM RURAL,KUSUMANCHI,KUSUMANCHI,KUSUMANCHI,4,COTTAGES,4,3,147,12,0.75,1
KARIMNAGAR,HUZURABAD,HUZURABAD,AMUDALAPALLY,RAJAPOOR,4,COTTAGES,1,1,2,1,1,0
HANUMAKONDA,HANAMKONDA/RURAL,PARKAL,ATMAKUR,PEDHAPUR,4,COTTAGES,1,1,192,7,1,0
BHADRADRI KOTHAGUDEM,BHADRACHALAM,MANUGURU,PINAPAKA,BHIMAVARAM,4,COTTAGES,1,1,0,2,1,0
KARIMNAGAR,KARIMNAGAR,Karimnagar Rural,MUQUDUMPUR,CHAMANPALLY,4,COTTAGES,74,68,19530,326.44,0.918918919,6
JAGITYAL,JAGITYAL,DHARMAPURI,VELGATOOR,KAPPARAO PET  ,4,COTTAGES,1,0,0,3,0,1
NIZAMABAD,ARMOOR,BHEEMGAL,VELPUR,PADGAL,4,COTTAGES,2,2,52,4,1,0
KAMAREDDY,KAMAREDDY,Kamareddy Town,KAMAREDDY TOWN-I,A7,4,COTTAGES,2,2,51,7,1,0
PEDDAPALLY,MANTHANI,GODAVARIKHANI,GODAWVARIKHANI EAST,OLD MUNCIPAL AREA,4,COTTAGES,5,2,100,14.55,0.4,3
MAHABUBABAD,THORRUR,THORRUR,PEDDA VANGARA,BOMMAKALLU,4,COTTAGES,2,2,90,6,1,0
BHUPALAPALLY,BHUPALAPALLY,KATARAM,KATARAM,KATARAM,4,COTTAGES,2,1,224,10,0.5,1
JANGAON,GHANPUR,GHANPUR,ZAFARGADH,KUNOOR,4,COTTAGES,2,2,34,3.6,1,0
MAHABUBABAD,THORRUR,MARIPEDA,MARIPEDA,ABBAIPALEM,4,COTTAGES,1,1,147,5,1,0
KARIMNAGAR,HUZURABAD,JAMMIKUNTA,JAMMIKUNTA RURALWEST,SIRASEDU,4,COTTAGES,1,1,142,5,1,0
NIZAMABAD,BODHAN,RUDRUR,CHANDOOR,CHINTAKUNTA,4,COTTAGES,2,2,31,7,1,0
KARIMNAGAR,HUZURABAD,HUZURABAD,AMUDALAPALLY,MOLANGUR,4,COTTAGES,1,1,11,3,1,0
PEDDAPALLY,PEDDAPALLY,DHARMARAM,DHARMARAM,KOTHAPALLY,4,COTTAGES,1,0,0,10,0,1
BHADRADRI KOTHAGUDEM,KOTHAGUDEM,LAXMIDEVIPALLY,BOMMANAPALLY,CHINTALA LANKA-TP,4,COTTAGES,2,2,87,6,1,0
MAHABUBABAD,MAHABUBABAD,MAHABUBABAD(T),MAHABUBABAD (RURAL),MUDUPGAL,4,COTTAGES,1,1,14,3.2,1,0
KHAMMAM,SATHUPALLY,SATHUPALLY,RAYUDUPALEM,BEERAPALLY,4,COTTAGES,1,1,2,2,1,0
WARANGAL,NARSAMPET,NARSAMPET(TOWN,NALLABELLY,SHANIGARAM,4,COTTAGES,2,2,123,7,1,0
JANGAON,GHANPUR,GHANPUR,RAJAVARAM,D THANDA H/O R.VARAM,4,COTTAGES,1,0,0,1.5,0,1
JAGITYAL,METPALLY,KORUTLA,KORUTLA TOWN,KORUTLA,4,COTTAGES,42,41,5129,157.04,0.976190476,1
NIZAMABAD,DICHPALLY,DICHPALLY,GADKOLE,GADKOLE,4,COTTAGES,5,5,26,21,1,0
KHAMMAM,KHAMMAM RURAL,KUSUMANCHI,RAJESHWARAPURAM,MOTAPURAM,4,COTTAGES,1,1,1,3,1,0
KHAMMAM,KHAMMAM RURAL,YEDULAPURAM,TIRUMALAYAPALEM,TETTELAPADU,4,COTTAGES,6,5,290,25,0.833333333,1
JANGAON,GHANPUR,GHANPUR,ZAFARGADH,THAMMADAPALLY (G)-II,4,COTTAGES,1,1,6,2.67,1,0
JAGITYAL,METPALLY,KORUTLA RURAL,KATHALAPOOR,CHINTHAKUNTA,4,COTTAGES,2,1,13,6,0.5,1
WARANGAL,NARSAMPET,NEKKONDA,NEKKONDA,TEKULAKUNTA TANDA,4,COTTAGES,1,1,0,9,1,0
KAMAREDDY,BANSWADA,BANSWADA,BIRKUR,PRAKASH RAO CAM,4,COTTAGES,1,1,165,3,1,0
NIRMAL,NIRMAL,NIRMAL RURAL,DILWARPUR,CHARLAPALLY,4,COTTAGES,1,0,0,5,0,1
BHADRADRI KOTHAGUDEM,KOTHAGUDEM,YELLANDU,GUNDALA,SETTYPALY-GUN,4,COTTAGES,1,1,8,3,1,0
KARIMNAGAR,HUZURABAD,JAMMIKUNTA,CHALLUR,ILABAD,4,COTTAGES,1,1,3,4,1,0
WARANGAL,NARSAMPET,NARSAMPET(TOWN,DUGGONDI,MALLAMPALLY,4,COTTAGES,1,1,0,4,1,0
PEDDAPALLY,PEDDAPALLY,SULTHANABAD,SULTHANABAD,AREPALLY H/O POOSALA          ,4,COTTAGES,1,0,0,3,0,1
KARIMNAGAR,HUZURABAD,JAMMIKUNTA,JAMMIKUNTA TOWN,KONDURU COMPLEX JAMMIKUNTA,4,COTTAGES,1,1,66,5,1,0
BHADRADRI KOTHAGUDEM,KOTHAGUDEM,KOTHAGUDEM,KOTHAGUDEM - NORTH,KTDM BAZAR NORTH,4,COTTAGES,19,8,772,63.3,0.421052632,11
BHADRADRI KOTHAGUDEM,BHADRACHALAM,CHERLA,CHARLA,CHARLA,4,COTTAGES,2,2,146,6.22,1,0
WARANGAL,WARANGAL,WARANGAL,FORT WARANGAL,CHINTAL,4,COTTAGES,2,1,54,19,0.5,1
KARIMNAGAR,KARIMNAGAR,KARIMNAGAR TOWN 2,KRN TOWN 6,I CIRCLE,4,COTTAGES,1,1,40,5,1,0
KAMAREDDY,KAMAREDDY,Kamareddy Rural,S S NAGAR,YELLAREDDY (A),4,COTTAGES,2,2,1326,15,1,0
KHAMMAM,SATHUPALLY,PENUBALLY,LANKAPALLY,KONDRUPAD,4,COTTAGES,1,0,0,3,0,1
JAGITYAL,METPALLY,KORUTLA,KORUTLA RURAL,YAKEENPUR,4,COTTAGES,3,3,196,15,1,0
WARANGAL,RURAL WARANGAL,WARDHANNAPET,RAYAPARTHI,KOTHUR,4,COTTAGES,3,3,55,10,1,0
NIZAMABAD,NIZAMABAD,NIZAMABAD TOWN 3,DISTRIBUTION-IV,N2,4,COTTAGES,16,14,1383,89.64,0.875,2
BHADRADRI KOTHAGUDEM,KOTHAGUDEM,YELLANDU,YLD RURAL,S S N PURAM-YR,4,COTTAGES,14,13,1029,71,0.928571429,1
NIZAMABAD,BODHAN,RUDRUR,POTHANGAL,LINGAPOOR,4,COTTAGES,1,1,87,3,1,0
JAGITYAL,METPALLY,MALLAPOOR,MALLAPOOR,SANGAM SRIRAMPOOR,4,COTTAGES,3,3,104,13,1,0
NIZAMABAD,BODHAN,BODHAN,BODHAN TOWN-I,BHEEMUNIGUTTA,4,COTTAGES,3,3,121,20,1,0
HANUMAKONDA,HANAMKONDA/TOWN,NAYEEMNAGAR,GOPALPUR,GOPALPUR,4,COTTAGES,1,1,27,5,1,0
MAHABUBABAD,THORRUR,MARIPEDA,NARASIMHULAPETA,KOUSALYADEVIPALLI,4,COTTAGES,3,3,209,7.24,1,0
MAHABUBABAD,THORRUR,THORRUR,THORRUR(T),JAMASTHANPUR,4,COTTAGES,1,1,32,10,1,0
WARANGAL,NARSAMPET,NEKKONDA,NEKKONDA,GUNDRAPALLY,4,COTTAGES,1,0,0,3,0,1
KAMAREDDY,KAMAREDDY,Kamareddy Town,TADWAI,NANDIWADA,4,COTTAGES,4,4,140,10,1,0
KARIMNAGAR,KARIMNAGAR,Karimnagar Rural,BOMMAKAL,DURSHED,4,COTTAGES,11,10,1000,38,0.909090909,1
HANUMAKONDA,HANAMKONDA/RURAL,KAMALAPUR,UPPAL,KANIPARTI,4,COTTAGES,1,1,158,3,1,0
MAHABUBABAD,MAHABUBABAD,KESAMUDRAM,INGURTHY,KOMATIPALLI,4,COTTAGES,9,9,1062,23.26,1,0
WARANGAL,WARANGAL,MULUGU ROAD,MATWADA,PINNAVARI STREET,4,COTTAGES,2,1,0,4,0.5,1
KAMAREDDY,BANSWADA,BICHKUNDA,JUKKAL,WAJRAKHANDI,4,COTTAGES,1,1,131,2,1,0
BHUPALAPALLY,BHUPALAPALLY,BHOOPALPALLY,BHOOPALPALLY RURAL,PEDDAPOOR,4,COTTAGES,1,1,109,1.5,1,0
BHUPALAPALLY,BHUPALAPALLY,BHOOPALPALLY,REGONDA,RANGAIAHPALLI-REGOND,4,COTTAGES,21,0,0,12,0,21
NIZAMABAD,ARMOOR,BHEEMGAL,VELPUR,NADUKUDA,4,COTTAGES,4,3,45,10,0.75,1
PEDDAPALLY,MANTHANI,RAMAGUNDAM,ANTHERGAON,ANTHERGOAN,4,COTTAGES,1,1,62,4,1,0
KAMAREDDY,YELLAREDDY,YELLAREDDY,NAGIREDDIPET,TANDOOR,4,COTTAGES,1,1,16,1.61,1,0
KHAMMAM,KHAMMAM RURAL,MUDIGONDA,MUDIGONDA,GOKINEPALLY,4,COTTAGES,1,0,0,0.885,0,1
KARIMNAGAR,KARIMNAGAR RURAL,ALUGUNOOR,MANAKONDUR,LINGAPUR,4,COTTAGES,2,1,246,5.67,0.5,1
BHUPALAPALLY,BHUPALAPALLY,BHOOPALPALLY,GHANPUR (MULUG),VENKATESHWARLAPALLY,4,COTTAGES,1,1,11,3,1,0
NIZAMABAD,ARMOOR,ARMOOR,ARMOOR-TOWN2,A2 ZONE,4,COTTAGES,11,11,658,56.374,1,0
NIZAMABAD,BODHAN,RUDRUR,VARNI,SN PURAM,4,COTTAGES,1,1,7,3,1,0
WARANGAL,WARANGAL,SHAMBUNIPET,SHAMBUNIPET,RANGASAIPET-II,4,COTTAGES,1,0,0,7,0,1
BHADRADRI KOTHAGUDEM,KOTHAGUDEM,KOTHAGUDEM RURAL,CHANDRUGONDA,GURRAM GUDEM-CG,4,COTTAGES,1,1,36,2,1,0
NIZAMABAD,ARMOOR,ARMOOR,DEGOAN,RAMPOOR,4,COTTAGES,1,1,275,5,1,0
WARANGAL,NARSAMPET,NARSAMPET(TOWN,NALLABELLY,RELAKUNTA,4,COTTAGES,3,3,40,14.67,1,0
BHADRADRI KOTHAGUDEM,BHADRACHALAM,MANUGURU,MANUGURU,S.SINGARAM,4,COTTAGES,16,14,436,38.24,0.875,2
PEDDAPALLY,PEDDAPALLY,KALVA SRIRAMPUR,SRIRAMPUR,KALVASREERAMPUR (SREERAMPUR)  ,4,COTTAGES,2,2,84,12,1,0
NIZAMABAD,BODHAN,YEDPALLY,RENJAL,SATAPOOR,4,COTTAGES,1,1,10,1.58,1,0
KARIMNAGAR,KARIMNAGAR,KARIMNAGAR TOWN 2,KRN TOWN 6,K  CIRCLE,4,COTTAGES,3,3,167,13,1,0
PEDDAPALLY,PEDDAPALLY,DHARMARAM,DHARMARAM,KAMMARKHANPET  (REC)          ,4,COTTAGES,2,1,16,6,0.5,1
BHUPALAPALLY,MULUGU,MULUG,PASARA,PASRA,4,COTTAGES,6,5,142,7.88,0.833333333,1
JAGITYAL,METPALLY,KORUTLA RURAL,MEDIPALLY,KATLAKUNTA,4,COTTAGES,2,2,146,8,1,0
BHADRADRI KOTHAGUDEM,KOTHAGUDEM,YELLANDU,YLD RURAL,MUTTARAPU KATTA-YR,4,COTTAGES,3,3,62,9,1,0
JAGITYAL,JAGITYAL,MALLIAL,RAMANNAPET,NOOKAPALLY,4,COTTAGES,3,3,145,8.84,1,0
BHADRADRI KOTHAGUDEM,PALONCHA,PALVANCHA,MULKALAPALLY,MULKALAPALLY,4,COTTAGES,2,0,0,5,0,2
JAGITYAL,JAGITYAL,Jagitial Town,POLASA,SANGAMPALLY,4,COTTAGES,2,2,264,11,1,0
KHAMMAM,SATHUPALLY,THALLADA,KURNAVALLY,KALAKODIMA,4,COTTAGES,3,3,26,3.8,1,0
NIZAMABAD,NIZAMABAD,NIZAMABAD TOWN 2,DISTRIBUTION-V,MUBARAKNAGAR,4,COTTAGES,3,3,395,26.98,1,0
HANUMAKONDA,HANAMKONDA/RURAL,KAMALAPUR,UPPAL,KANNOOR,4,COTTAGES,1,1,0,5,1,0
PEDDAPALLY,PEDDAPALLY,DHARMARAM,DHARMARAM,MALLAPOOR     ,4,COTTAGES,2,1,20,12,0.5,1
KARIMNAGAR,KARIMNAGAR RURAL,Gangadhara,GUNDI,MOTHEY,4,COTTAGES,12,8,2210,33,0.666666667,4
KAMAREDDY,BANSWADA,BANSWADA,BANSWADA RURAL,BUDMI,4,COTTAGES,1,1,222,4,1,0
BHUPALAPALLY,BHUPALAPALLY,KATARAM,KATARAM,DAMERAKUNTA,4,COTTAGES,5,5,226,10,1,0
PEDDAPALLY,PEDDAPALLY,DHARMARAM,DHARMARAM,KOTHUR  (REC) ,4,COTTAGES,2,0,0,4.4,0,2
KAMAREDDY,KAMAREDDY,Kamareddy Town,KAMAREDDY TOWN-II,A3,4,COTTAGES,5,5,70,14,1,0
HANUMAKONDA,HANAMKONDA/TOWN,HANAMKONDA(T),SUBEDARI,SHAYAMPET,4,COTTAGES,1,1,166,10,1,0
HANUMAKONDA,HANAMKONDA/RURAL,PARKAL,PARKAL(RURAL),NARLAPUR,4,COTTAGES,1,1,55,3,1,0
NIZAMABAD,DICHPALLY,NIZAMABAD - RURAL,JAKRANPALLY,LAXMAPUR,4,COTTAGES,1,1,43,2,1,0
NIZAMABAD,BODHAN,BODHAN,BODHAN TOWN-II,SALORA,4,COTTAGES,4,3,293,21,0.75,1
KAMAREDDY,BANSWADA,PITLAM,NIZAMSAGAR,TUNIKIPALLY,4,COTTAGES,1,1,0,2,1,0
JAGITYAL,METPALLY,KORUTLA RURAL,AMBARIPET,IPPAPALLY,4,COTTAGES,1,1,38,5,1,0
KARIMNAGAR,HUZURABAD,HUZURABAD,HUZURABAD TOWN,HUZURABAD,4,COTTAGES,31,30,2595,142.39,0.967741935,1
HANUMAKONDA,HANAMKONDA/RURAL,PARKAL,PARKAL(RURAL),VERIKOLE,4,COTTAGES,2,2,0,10,1,0
MANCHERIAL,MANCHERIAL,MANCHERIAL - RURAL,HAZIPUR,NARSINGAPOOR,4,COTTAGES,2,2,59,14,1,0
KARIMNAGAR,HUZURABAD,HUZURABAD,AMUDALAPALLY,KACHAPOOR,4,COTTAGES,3,3,107,11,1,0
HANUMAKONDA,HANAMKONDA/RURAL,KAMALAPUR,ELKATHURTHY,KOTHULNADUMA,4,COTTAGES,1,1,10,7,1,0
KARIMNAGAR,KARIMNAGAR,Karimnagar Rural,KOTHAPALLY,REKURTHY,4,COTTAGES,3,2,72,9,0.666666667,1
KARIMNAGAR,KARIMNAGAR RURAL,Gangadhara,GUNDI,RAMADUGU,4,COTTAGES,11,7,194,42,0.636363636,4
PEDDAPALLY,MANTHANI,RAMAGUNDAM,BASANTHNAGAR,MUNJAMPALLY (REC)             ,4,COTTAGES,4,4,38,12,1,0
KHAMMAM,WYRA,WYRA,WYRA,WYRA,4,COTTAGES,3,1,29,7.9,0.333333333,2
KARIMNAGAR,HUZURABAD,HUZURABAD,SAIDAPUR,VENKAPALLY,4,COTTAGES,1,0,0,0.24,0,1
KHAMMAM,KHAMMAM RURAL,KUSUMANCHI,NELAKONDAPALLY,NELAKONDAPALLY,4,COTTAGES,1,1,53,3,1,0
JAGITYAL,JAGITYAL,GOLLAPALLY,GOLLAPALLY,BATTU BOTHAMRAJPALLY,4,COTTAGES,1,1,39,2,1,0
JAGITYAL,JAGITYAL,Jagitial Town,POLASA,HABSIPUR,4,COTTAGES,1,1,4,1.12,1,0
NIZAMABAD,DICHPALLY,DICHPALLY,YELLAREDDIPALLY,SIRNAPALLY,4,COTTAGES,3,3,166,9,1,0
NIZAMABAD,DICHPALLY,DICHPALLY,DICHPALLY,MULLANGI INDUR,4,COTTAGES,2,2,29,6,1,0
JAGITYAL,METPALLY,KORUTLA,KORUTLA RURAL,YUSAFNAGAR,4,COTTAGES,2,2,7,4.86,1,0
WARANGAL,RURAL WARANGAL,WARDHANNAPET,RAYAPARTHI,KESHAVAPUR,4,COTTAGES,2,2,46,5.67,1,0
NIZAMABAD,BODHAN,RUDRUR,RUDRUR,RUDRUR,4,COTTAGES,5,5,298,24.133,1,0
NIZAMABAD,BODHAN,BODHAN,BODHAN TOWN-I,NEW BUS STAND,4,COTTAGES,22,21,2321,135.219,0.954545455,1
MAHABUBABAD,MAHABUBABAD,KORIVI,KOTHAPETA,ALLI GUDEM  - BAY,4,COTTAGES,1,1,55,3,1,0
KAMAREDDY,KAMAREDDY,Kamareddy Town,TADWAI,SANTHAIPET,4,COTTAGES,1,1,113,2.5,1,0
JANGAON,GHANPUR,GHANPUR,GHANPUR (TOWN),MEEDIKONDA,4,COTTAGES,1,0,0,2.68,0,1
NIZAMABAD,BODHAN,RUDRUR,KOTAGIRI,RAMPUR,4,COTTAGES,1,1,250,4,1,0
NIZAMABAD,ARMOOR,MORTHAD,YERGATLA,PALEM,4,COTTAGES,1,1,23,9.069,1,0
MAHABUBABAD,THORRUR,NELLIKUDURU,NELLIKUDURU,RAMANNAGUDEM,4,COTTAGES,1,1,3,3,1,0
JAGITYAL,JAGITYAL,MALLIAL,RAMANNAPET,RAJARAM,4,COTTAGES,3,2,1017,7,0.666666667,1
JANGAON,JANGAON,JANGAON,PEMBARTHY,PASARMADLA,4,COTTAGES,3,3,221,19,1,0
KHAMMAM,SATHUPALLY,THALLADA,THALLADA,BILLUPADU,4,COTTAGES,2,2,0,2.24,1,0
PEDDAPALLY,PEDDAPALLY,DHARMARAM,DHARMARAM,PATHIPAKA     ,4,COTTAGES,4,2,13,14,0.5,2
KAMAREDDY,BANSWADA,BICHKUNDA,BICHKUNDA,WAJEEDNAGAR,4,COTTAGES,1,1,4,2,1,0
MANCHERIAL,MANCHERIAL,MANCHERIAL - RURAL,MANCHERIAL - RURAL,RK6 HUTS,4,COTTAGES,7,7,225,14,1,0
KARIMNAGAR,KARIMNAGAR,KARIMNAGAR TOWN 2,KRN TOWN 2,J CIRCLE,4,COTTAGES,2,2,281,8,1,0
BHUPALAPALLY,BHUPALAPALLY,KATARAM,KOYYUR,GADAMPALLY,4,COTTAGES,3,3,17,7,1,0
KAMAREDDY,YELLAREDDY,YELLAREDDY,YELLAREDDY,TIMMAREDDIPET,4,COTTAGES,2,2,81,13,1,0
KHAMMAM,KHAMMAM,PEDDA GOPATHI,NAGULAVANCHA,MATHKEPALLY,4,COTTAGES,1,1,20,5,1,0
JANGAON,JANGAON,JANGAON,PADAMATI KESHAVAPUR,RAMCHANDRAPUR,4,COTTAGES,1,0,0,5,0,1
HANUMAKONDA,HANAMKONDA/RURAL,HANAMKONDA(R),PANTHINI,PANTHANI,4,COTTAGES,5,5,1653,24.89,1,0
KHAMMAM,SATHUPALLY,PENUBALLY,PEDDA KORUKONDI,T VENKATAPURAM,4,COTTAGES,1,1,6,2,1,0
KAMAREDDY,KAMAREDDY,Kamareddy Town,KAMAREDDY TOWN-III,DEVANPALLY (A),4,COTTAGES,21,21,2410,156,1,0
PEDDAPALLY,MANTHANI,Manthani,EKLASHAPUR,CHINNA ODELLA,4,COTTAGES,3,2,65,7,0.666666667,1
JANGAON,GHANPUR,GHANPUR,RAJAVARAM,VENKATADARIPET,4,COTTAGES,1,1,41,1,1,0
NIZAMABAD,ARMOOR,PERKIT,BALAKONDA,BALAKONDA,4,COTTAGES,5,5,169,16,1,0
BHADRADRI KOTHAGUDEM,BHADRACHALAM,MANUGURU,PINAPAKA,JANAMPET,4,COTTAGES,5,5,370,11.26,1,0
BHADRADRI KOTHAGUDEM,BHADRACHALAM,BHADRACHALAM,SARAPAKA,SARAPAKA,4,COTTAGES,3,3,32,7.24,1,0
KHAMMAM,SATHUPALLY,THALLADA,KURNAVALLY,MITTAPALLY,4,COTTAGES,4,2,8,10,0.5,2
NIZAMABAD,NIZAMABAD,NANDIPET,MAKLOOR,MUTHYAMPALLY,4,COTTAGES,1,0,0,4,0,1
KAMAREDDY,YELLAREDDY,LINGAMPET,SARVAPOOR,PEDDAPOTHANGAL,4,COTTAGES,1,1,27,3,1,0
MAHABUBABAD,THORRUR,MARIPEDA,YELLAMPET,VEERARAM,4,COTTAGES,1,1,30,5,1,0
WARANGAL,RURAL WARANGAL,WARDHANNAPET,MYLARAM,JAGANNADHPALLI,4,COTTAGES,7,7,3336,27,1,0
PEDDAPALLY,PEDDAPALLY,KALVA SRIRAMPUR,ODELA,GUNDLAPALLY (REC)             ,4,COTTAGES,1,0,0,2,0,1
KAMAREDDY,KAMAREDDY,Kamareddy Rural,RAMAREDDY,MADDIKUNTA,4,COTTAGES,4,4,34,13,1,0
JANGAON,JANGAON,RAGHUNATHPALLY,RAGHUNATHPALLY,KOMALLA,4,COTTAGES,26,2,186,83,0.076923077,24
KARIMNAGAR,KARIMNAGAR RURAL,Gangadhara,ARNAKONDA,ARNAKONDA,4,COTTAGES,26,13,2532,78.54,0.5,13
BHUPALAPALLY,BHUPALAPALLY,CHITYAL,MOGULLAPALLY,MOTLAPALLI,4,COTTAGES,1,1,74,1.88,1,0
JAGITYAL,JAGITYAL,Jagitial Rural,VADDELINGAPUR,DEVAMPALLY,4,COTTAGES,1,1,162,5,1,0
NIZAMABAD,NIZAMABAD,NANDIPET,MAKLOOR,GUTPA,4,COTTAGES,1,1,25,3,1,0
KAMAREDDY,BANSWADA,PITLAM,PITLAM,DHARMARAM,4,COTTAGES,2,2,33,5,1,0
KARIMNAGAR,HUZURABAD,JAMMIKUNTA,JAMMIKUNTA RURAL,ANKOOSAPUR-MADIPALLI,4,COTTAGES,7,0,0,3.3,0,7
